Protocollo;Gruppo;DataOraIncidente;Localizzazione1;STRADA1;Localizzazione2;STRADA2;Strada02;Chilometrica;DaSpecificare;NaturaIncidente;particolaritastrade;TipoStrada;FondoStradale;Pavimentazione;Segnaletica;CondizioneAtmosferica;Traffico;Visibilita;Illuminazione;NUM_FERITI;NUM_RISERVATA;NUM_MORTI;NUM_ILLESI;Longitudine;Latitudine;Confermato;Progressivo;TipoVeicolo;StatoVeicolo;TipoPersona;Sesso;Tipolesione;Deceduto;DecedutoDopo;CinturaCascoUtilizzato;Airbag
2305147;19;10/03/2015 13:25;Strada Urbana;VIA ANDERSEN;da specificare;;;;in prossimità di Via del Podere Trieste;Tamponamento Multiplo;Rettilineo;Una carreggiata a doppio senso;Asciutto;Asfaltata;Verticale ed orizzontale;Sereno;Normale;Buona;Ore Diurne;1;0;0;3;12.40143;41.92369;-1;1;Autovettura privata;In marcia / fermata / arresto;Conducente;M;Illeso;0;;;
2305147;19;10/03/2015 13:25;Strada Urbana;VIA ANDERSEN;da specificare;;;;in prossimità di Via del Podere Trieste;Tamponamento Multiplo;Rettilineo;Una carreggiata a doppio senso;Asciutto;Asfaltata;Verticale ed orizzontale;Sereno;Normale;Buona;Ore Diurne;1;0;0;3;12.40143;41.92369;-1;2;Autovettura privata;In marcia / fermata / arresto;Conducente;F;Illeso;0;;Non accertato;Inesploso
2305147;19;10/03/2015 13:25;Strada Urbana;VIA ANDERSEN;da specificare;;;;in prossimità di Via del Podere Trieste;Tamponamento Multiplo;Rettilineo;Una carreggiata a doppio senso;Asciutto;Asfaltata;Verticale ed orizzontale;Sereno;Normale;Buona;Ore Diurne;1;0;0;3;12.40143;41.92369;-1;3;Autovettura privata;In marcia / fermata / arresto;Conducente;F;Illeso;0;;;
2305147;19;10/03/2015 13:25;Strada Urbana;VIA ANDERSEN;da specificare;;;;in prossimità di Via del Podere Trieste;Tamponamento Multiplo;Rettilineo;Una carreggiata a doppio senso;Asciutto;Asfaltata;Verticale ed orizzontale;Sereno;Normale;Buona;Ore Diurne;1;0;0;3;12.40143;41.92369;-1;4;Autovettura privata;In marcia / fermata / arresto;Conducente;F;Rimandato;0;NON DECEDUTO;;
2305169;11;10/03/2015 13:00;Strada Urbana;VIA DELLE SETTE CHIESE;in corrispondenza;;del civico n.;280;;Scontro frontale/laterale DX fra veicoli in marcia;Curva a visuale libera;Una carreggiata a doppio senso;Asciutto;Asfaltata;Verticale ed orizzontale;Sereno;Normale;Buona;Ore Diurne;1;0;0;1;12.50478;41.85914;-1;1;Autovettura privata;In marcia / fermata / arresto;Conducente;F;Illeso;0;;Non accertato;Inesploso
2305169;11;10/03/2015 13:00;Strada Urbana;VIA DELLE SETTE CHIESE;in corrispondenza;;del civico n.;280;;Scontro frontale/laterale DX fra veicoli in marcia;Curva a visuale libera;Una carreggiata a doppio senso;Asciutto;Asfaltata;Verticale ed orizzontale;Sereno;Normale;Buona;Ore Diurne;1;0;0;1;12.50478;41.85914;-1;2;Motociclo a solo;In marcia / fermata / arresto;Conducente;M;Rimandato;0;NON DECEDUTO;Non accertato;
2305186;16;06/03/2015 11:00;Strada Urbana;VIA LEONE XIII;da specificare;;;;prox.fronte palo Acea 28 direzione P.zza Pio XI;Veicolo in marcia contro ostacolo accidentale;Rettilineo;Due carreggiate;Asciutto;Asfaltata;Verticale ed orizzontale;Vento forte;Normale;Buona;Ore Diurne;1;0;0;0;12.44038;41.88562;-1;1;Ciclomotore;In marcia / fermata / arresto;Conducente;F;Rimandato;0;NON DECEDUTO;Non accertato;
2305230;2;10/03/2015 12:35;Strada Urbana;SOTTOVIA IGNAZIO GUIDI;da specificare;;;;altezza svincolo Castro Pretorio.;Scontro laterale fra veicoli in marcia;Sottopasso illuminato;Due carreggiate;Asciutto;Asfaltata;Verticale ed orizzontale;Sereno;Normale;Buona;Sufficiente;1;0;0;2;12.50211;41.90884;-1;1;Motociclo a solo;In marcia / fermata / arresto;Conducente;M;Rimandato;0;NON DECEDUTO;Non accertato;
2305230;2;10/03/2015 12:35;Strada Urbana;SOTTOVIA IGNAZIO GUIDI;da specificare;;;;altezza svincolo Castro Pretorio.;Scontro laterale fra veicoli in marcia;Sottopasso illuminato;Due carreggiate;Asciutto;Asfaltata;Verticale ed orizzontale;Sereno;Normale;Buona;Sufficiente;1;0;0;2;12.50211;41.90884;-1;2;Autocarro inferiore 35 q.;In marcia / fermata / arresto;Conducente;M;Illeso;0;;Non accertato;Inesploso
2305230;2;10/03/2015 12:35;Strada Urbana;SOTTOVIA IGNAZIO GUIDI;da specificare;;;;altezza svincolo Castro Pretorio.;Scontro laterale fra veicoli in marcia;Sottopasso illuminato;Due carreggiate;Asciutto;Asfaltata;Verticale ed orizzontale;Sereno;Normale;Buona;Sufficiente;1;0;0;2;12.50211;41.90884;-1;2;Autocarro inferiore 35 q.;In marcia / fermata / arresto;Passeggero;M;Illeso;0;;Non accertato;Inesploso
2305237;15;10/03/2015 11:25;Strada Urbana;LARGO VITTORIO GASSMAN;all'intersezione con;VIA GUIDO COSTANZI;VIA GUIDO COSTANZI;;;Investimento di pedone;Incrocio;Una carreggiata a doppio senso;Asciutto;Asfaltata;Verticale ed orizzontale;Sereno;Normale;Buona;Ore Diurne;1;0;0;1;12.47266;41.86877;-1;;;;Pedone;M;Rimandato;0;NON DECEDUTO;;
2305237;15;10/03/2015 11:25;Strada Urbana;LARGO VITTORIO GASSMAN;all'intersezione con;VIA GUIDO COSTANZI;VIA GUIDO COSTANZI;;;Investimento di pedone;Incrocio;Una carreggiata a doppio senso;Asciutto;Asfaltata;Verticale ed orizzontale;Sereno;Normale;Buona;Ore Diurne;1;0;0;1;12.47266;41.86877;-1;1;Autovettura privata;In marcia / fermata / arresto;Conducente;F;Illeso;0;;;
2305244;18;10/03/2015 14:00;Strada Urbana;VIA ANASTASIO II;da specificare;;;;in prossimità dell'intersezione con via G. De Vecc;Tamponamento;Rettilineo;Due carreggiate;Asciutto;Asfaltata;Verticale ed orizzontale;Sereno;Normale;Buona;Sufficiente;1;0;0;1;12.44247;41.89998;-1;1;Autovettura privata;In marcia / fermata / arresto;Conducente;F;Illeso;0;;Non accertato;Inesploso
2305244;18;10/03/2015 14:00;Strada Urbana;VIA ANASTASIO II;da specificare;;;;in prossimità dell'intersezione con via G. De Vecc;Tamponamento;Rettilineo;Due carreggiate;Asciutto;Asfaltata;Verticale ed orizzontale;Sereno;Normale;Buona;Sufficiente;1;0;0;1;12.44247;41.89998;-1;2;Motociclo a solo;In marcia / fermata / arresto;Conducente;M;Rimandato;0;NON DECEDUTO;Non accertato;
2305283;16;09/03/2015 10:00;Strada Urbana;CIRCONVALLAZIONE GIANICOLENSE;all'intersezione semaforizzata con;VIA DI MONTE VERDE;VIA DI MONTE VERDE;;;Investimento di pedone;Intersezione semaforizzata;Più di due carreggiate;Asciutto;Asfaltata;Verticale ed orizzontale;Sereno;Normale;Buona;Ore Diurne;1;0;0;1;12.44956;41.87247;-1;;;;Pedone;M;Rimandato;0;NON DECEDUTO;;
2305283;16;09/03/2015 10:00;Strada Urbana;CIRCONVALLAZIONE GIANICOLENSE;all'intersezione semaforizzata con;VIA DI MONTE VERDE;VIA DI MONTE VERDE;;;Investimento di pedone;Intersezione semaforizzata;Più di due carreggiate;Asciutto;Asfaltata;Verticale ed orizzontale;Sereno;Normale;Buona;Ore Diurne;1;0;0;1;12.44956;41.87247;-1;1;Autocarro inferiore 35 q.;In marcia / fermata / arresto;Conducente;M;Illeso;0;;Non accertato;Inesploso
2305285;7;10/03/2015 13:30;Strada Urbana;VIA COLLATINA;in prossimità;;del civico n.;331;;Tamponamento Multiplo;Rettilineo;Una carreggiata a doppio senso;Asciutto;Asfaltata;Orizzontale;Sereno;Normale;Buona;Ore Diurne;1;0;0;4;12.59828;41.90487;-1;1;Autovettura privata;In marcia / fermata / arresto;Conducente;M;Illeso;0;;Non accertato;
2305285;7;10/03/2015 13:30;Strada Urbana;VIA COLLATINA;in prossimità;;del civico n.;331;;Tamponamento Multiplo;Rettilineo;Una carreggiata a doppio senso;Asciutto;Asfaltata;Orizzontale;Sereno;Normale;Buona;Ore Diurne;1;0;0;4;12.59828;41.90487;-1;2;Autovettura privata;In marcia / fermata / arresto;Conducente;F;Rimandato;0;NON DECEDUTO;Non accertato;Inesploso
2305285;7;10/03/2015 13:30;Strada Urbana;VIA COLLATINA;in prossimità;;del civico n.;331;;Tamponamento Multiplo;Rettilineo;Una carreggiata a doppio senso;Asciutto;Asfaltata;Orizzontale;Sereno;Normale;Buona;Ore Diurne;1;0;0;4;12.59828;41.90487;-1;2;Autovettura privata;In marcia / fermata / arresto;Passeggero;M;Illeso;0;;Non accertato;Inesploso
2305285;7;10/03/2015 13:30;Strada Urbana;VIA COLLATINA;in prossimità;;del civico n.;331;;Tamponamento Multiplo;Rettilineo;Una carreggiata a doppio senso;Asciutto;Asfaltata;Orizzontale;Sereno;Normale;Buona;Ore Diurne;1;0;0;4;12.59828;41.90487;-1;3;Autovettura privata;In marcia / fermata / arresto;Conducente;F;Illeso;0;;Non accertato;
2305285;7;10/03/2015 13:30;Strada Urbana;VIA COLLATINA;in prossimità;;del civico n.;331;;Tamponamento Multiplo;Rettilineo;Una carreggiata a doppio senso;Asciutto;Asfaltata;Orizzontale;Sereno;Normale;Buona;Ore Diurne;1;0;0;4;12.59828;41.90487;-1;4;Autovettura privata;In marcia / fermata / arresto;Conducente;F;Illeso;0;;Non accertato;
2305294;15;10/03/2015 08:50;Strada Urbana;VIA DELLA MAGLIANA;da specificare;;;;FRONTE CIVICO 100;Scontro frontale/laterale SX fra veicoli in marcia;Rettilineo;Una carreggiata a doppio senso;Asciutto;Asfaltata;Verticale ed orizzontale;Sereno;Normale;Buona;Ore Diurne;1;0;0;1;12.46007;41.85844;-1;1;Autovettura privata;In marcia / fermata / arresto;Conducente;M;Illeso;0;;;
2305294;15;10/03/2015 08:50;Strada Urbana;VIA DELLA MAGLIANA;da specificare;;;;FRONTE CIVICO 100;Scontro frontale/laterale SX fra veicoli in marcia;Rettilineo;Una carreggiata a doppio senso;Asciutto;Asfaltata;Verticale ed orizzontale;Sereno;Normale;Buona;Ore Diurne;1;0;0;1;12.46007;41.85844;-1;2;Motociclo a solo;In marcia / fermata / arresto;Conducente;F;Rimandato;0;NON DECEDUTO;;
2305297;9;10/03/2015 14:45;Strada Urbana;VIA ACQUA DONZELLA;da specificare;;;;FRONTE CIVICO 14;Scontro frontale/laterale DX fra veicoli in marcia;Rettilineo;Una carreggiata a senso unico di marcia;Asciutto;Asfaltata;Verticale ed orizzontale;Sereno;Scarso;Buona;Ore Diurne;0;0;0;2;12.53321;41.86896;-1;1;Autovettura privata;In marcia / fermata / arresto;Conducente;M;Illeso;0;;Utilizzato;Inesploso
2305297;9;10/03/2015 14:45;Strada Urbana;VIA ACQUA DONZELLA;da specificare;;;;FRONTE CIVICO 14;Scontro frontale/laterale DX fra veicoli in marcia;Rettilineo;Una carreggiata a senso unico di marcia;Asciutto;Asfaltata;Verticale ed orizzontale;Sereno;Scarso;Buona;Ore Diurne;0;0;0;2;12.53321;41.86896;-1;2;Autovettura privata;In marcia / fermata / arresto;Conducente;M;Illeso;0;;Utilizzato;Inesploso
2305388;23;06/03/2015 11:10;Strada Urbana;VIA RUSTICUCCI;in corrispondenza;;del civico n.;6;;Veicolo in marcia contro veicolo in sosta;Rettilineo;Una carreggiata a senso unico di marcia;Asciutto;In cubetti di porfido;Verticale ed orizzontale;Sereno;Scarso;Buona;Ore Diurne;0;0;0;1;12.45959;41.90263;-1;1;Autovettura privata;In marcia / fermata / arresto;Conducente;M;Illeso;0;;Utilizzato;Inesploso
2305389;11;10/03/2015 16:15;Strada Urbana;VIA TAZIO NUVOLARI;in prossimità;;del civico n.;156;;Veicolo in marcia contro veicoli in sosta;Curva a visuale libera;Due carreggiate;Asciutto;Asfaltata;Verticale ed orizzontale;Sereno;Normale;Buona;Ore Diurne;0;0;0;1;12.50726;41.83618;-1;1;Autovettura privata;In marcia / fermata / arresto;Conducente;F;Illeso;0;;Utilizzato;Inesploso
2305390;23;09/03/2015 23:00;Strada Urbana;VIA FRANCESCO CILEA;all'intersezione con;VIA BRUNO MADERNA;VIA BRUNO MADERNA;;;Scontro frontale/laterale DX fra veicoli in marcia;Incrocio;Due carreggiate;Asciutto;Asfaltata;Verticale ed orizzontale;Sereno;Scarso;Sufficiente;Insufficiente;1;0;0;2;12.37518;41.74478;-1;1;Autovettura privata;In marcia / fermata / arresto;Conducente;M;Rimandato;0;NON DECEDUTO;Utilizzato;Inesploso
2305390;23;09/03/2015 23:00;Strada Urbana;VIA FRANCESCO CILEA;all'intersezione con;VIA BRUNO MADERNA;VIA BRUNO MADERNA;;;Scontro frontale/laterale DX fra veicoli in marcia;Incrocio;Due carreggiate;Asciutto;Asfaltata;Verticale ed orizzontale;Sereno;Scarso;Sufficiente;Insufficiente;1;0;0;2;12.37518;41.74478;-1;1;Autovettura privata;In marcia / fermata / arresto;Passeggero;F;Illeso;0;;Utilizzato;Inesploso
2305390;23;09/03/2015 23:00;Strada Urbana;VIA FRANCESCO CILEA;all'intersezione con;VIA BRUNO MADERNA;VIA BRUNO MADERNA;;;Scontro frontale/laterale DX fra veicoli in marcia;Incrocio;Due carreggiate;Asciutto;Asfaltata;Verticale ed orizzontale;Sereno;Scarso;Sufficiente;Insufficiente;1;0;0;2;12.37518;41.74478;-1;2;Autovettura privata;In marcia / fermata / arresto;Conducente;F;Illeso;0;;Utilizzato;Inesploso
2305431;9;10/03/2015 14:40;Strada Urbana;PIAZZALE LABICANO;da specificare;;;;ALT. FRONTE V.CASILINA;Tamponamento;Rettilineo;Una carreggiata a senso unico di marcia;Asciutto;Asfaltata;Assente;Sereno;Normale;Buona;Ore Diurne;3;0;0;0;12.51574;41.89143;-1;1;Autovettura privata;In marcia / fermata / arresto;Conducente;F;Rimandato;0;NON DECEDUTO;Utilizzato;Inesploso
2305431;9;10/03/2015 14:40;Strada Urbana;PIAZZALE LABICANO;da specificare;;;;ALT. FRONTE V.CASILINA;Tamponamento;Rettilineo;Una carreggiata a senso unico di marcia;Asciutto;Asfaltata;Assente;Sereno;Normale;Buona;Ore Diurne;3;0;0;0;12.51574;41.89143;-1;1;Autovettura privata;In marcia / fermata / arresto;Passeggero;F;Rimandato;0;NON DECEDUTO;Utilizzato;Inesploso
2305431;9;10/03/2015 14:40;Strada Urbana;PIAZZALE LABICANO;da specificare;;;;ALT. FRONTE V.CASILINA;Tamponamento;Rettilineo;Una carreggiata a senso unico di marcia;Asciutto;Asfaltata;Assente;Sereno;Normale;Buona;Ore Diurne;3;0;0;0;12.51574;41.89143;-1;1;Autovettura privata;In marcia / fermata / arresto;Passeggero;M;Rimandato;0;NON DECEDUTO;Utilizzato;Inesploso
2305461;19;10/03/2015 16:20;Strada Urbana;VIA DELLA PINETA SACCHETTI;da specificare;;;;prossimità confluenza via Trionfale;Investimento di pedone;Rettilineo;Una carreggiata a senso unico di marcia;Asciutto;Asfaltata;Verticale ed orizzontale;Sereno;Normale;Buona;Ore Diurne;1;0;0;1;12.42703;41.93401;-1;;;;Pedone;F;Rimandato;0;NON DECEDUTO;;
2305461;19;10/03/2015 16:20;Strada Urbana;VIA DELLA PINETA SACCHETTI;da specificare;;;;prossimità confluenza via Trionfale;Investimento di pedone;Rettilineo;Una carreggiata a senso unico di marcia;Asciutto;Asfaltata;Verticale ed orizzontale;Sereno;Normale;Buona;Ore Diurne;1;0;0;1;12.42703;41.93401;-1;1;Autovettura privata;In marcia / fermata / arresto;Conducente;M;Illeso;0;;Non accertato;Inesploso
2305474;17;10/03/2015 15:45;Strada Urbana;VIA NAZARIO SAURO;in prossimità;;del civico n.;23;;Scontro laterale fra veicoli in marcia;Rettilineo;Una carreggiata a doppio senso;Asciutto;Asfaltata;Verticale ed orizzontale;Sereno;Normale;Buona;Ore Diurne;0;0;0;3;12.45228;41.91439;-1;1;Autovettura privata;In marcia / fermata / arresto;Conducente;M;Illeso;0;;Non accertato;Inesploso
2305474;17;10/03/2015 15:45;Strada Urbana;VIA NAZARIO SAURO;in prossimità;;del civico n.;23;;Scontro laterale fra veicoli in marcia;Rettilineo;Una carreggiata a doppio senso;Asciutto;Asfaltata;Verticale ed orizzontale;Sereno;Normale;Buona;Ore Diurne;0;0;0;3;12.45228;41.91439;-1;1;Autovettura privata;In marcia / fermata / arresto;Passeggero;F;Illeso;0;;Non accertato;Inesploso
2305474;17;10/03/2015 15:45;Strada Urbana;VIA NAZARIO SAURO;in prossimità;;del civico n.;23;;Scontro laterale fra veicoli in marcia;Rettilineo;Una carreggiata a doppio senso;Asciutto;Asfaltata;Verticale ed orizzontale;Sereno;Normale;Buona;Ore Diurne;0;0;0;3;12.45228;41.91439;-1;2;Autovettura privata;In marcia / fermata / arresto;Conducente;F;Illeso;0;;Non accertato;Inesploso
2305476;16;09/03/2015 10:50;Strada Urbana;LARGO ALESSANDRO TOJA;in corrispondenza;;del civico n.;5;;Investimento di pedone;Rettilineo;Una carreggiata a senso unico di marcia;Asciutto;Asfaltata;Verticale ed orizzontale;Sereno;Normale;Buona;Ore Diurne;1;0;0;1;12.46757;41.87736;-1;;;;Pedone;F;Rimandato;0;NON DECEDUTO;;
2305476;16;09/03/2015 10:50;Strada Urbana;LARGO ALESSANDRO TOJA;in corrispondenza;;del civico n.;5;;Investimento di pedone;Rettilineo;Una carreggiata a senso unico di marcia;Asciutto;Asfaltata;Verticale ed orizzontale;Sereno;Normale;Buona;Ore Diurne;1;0;0;1;12.46757;41.87736;-1;1;Autovettura privata;In marcia / fermata / arresto;Conducente;F;Illeso;0;;Non accertato;Inesploso
2305497;10;10/03/2015 11:50;Strada Urbana;VIA TUSCOLANA;in corrispondenza;;del civico n.;1422;;Investimento di pedone;Rettilineo;Una carreggiata a senso unico di marcia;Asciutto;Asfaltata;Verticale ed orizzontale;Sereno;Intenso;Buona;Ore Diurne;0;0;0;2;12.57283;41.85025;-1;;;;Pedone;M;Illeso;0;;;
2305497;10;10/03/2015 11:50;Strada Urbana;VIA TUSCOLANA;in corrispondenza;;del civico n.;1422;;Investimento di pedone;Rettilineo;Una carreggiata a senso unico di marcia;Asciutto;Asfaltata;Verticale ed orizzontale;Sereno;Intenso;Buona;Ore Diurne;0;0;0;2;12.57283;41.85025;-1;1;Motociclo a solo;In marcia / fermata / arresto;Conducente;M;Illeso;0;;Non accertato;
2305641;15;10/03/2015 15:00;Strada Urbana;VIALE GUGLIELMO MARCONI;all'intersezione con;VIA PIETRO BLASERNA;VIA PIETRO BLASERNA;;;Scontro frontale/laterale DX fra veicoli in marcia;Intersezione semaforizzata;Due carreggiate;Asciutto;Asfaltata;Verticale ed orizzontale;Sereno;Normale;Buona;Ore Diurne;0;0;0;2;12.46918;41.86464;-1;1;Autovettura privata;In marcia / fermata / arresto;Conducente;M;Illeso;0;;Non accertato;Inesploso
2305641;15;10/03/2015 15:00;Strada Urbana;VIALE GUGLIELMO MARCONI;all'intersezione con;VIA PIETRO BLASERNA;VIA PIETRO BLASERNA;;;Scontro frontale/laterale DX fra veicoli in marcia;Intersezione semaforizzata;Due carreggiate;Asciutto;Asfaltata;Verticale ed orizzontale;Sereno;Normale;Buona;Ore Diurne;0;0;0;2;12.46918;41.86464;-1;2;Autovettura privata;In marcia / fermata / arresto;Conducente;M;Illeso;0;;Non accertato;Inesistente
2305686;15;10/03/2015 18:40;Strada Urbana;VIA DELLA MAGLIANA;in prossimità;;del palo luce n.;150;;Tamponamento;Rettilineo;Una carreggiata a doppio senso;Asciutto;Asfaltata;Orizzontale;Sereno;Normale;Buona;Sufficiente;0;0;0;3;12.41968;41.83177;-1;1;Autovettura privata;In marcia / fermata / arresto;Conducente;M;Illeso;0;;Utilizzato;
2305686;15;10/03/2015 18:40;Strada Urbana;VIA DELLA MAGLIANA;in prossimità;;del palo luce n.;150;;Tamponamento;Rettilineo;Una carreggiata a doppio senso;Asciutto;Asfaltata;Orizzontale;Sereno;Normale;Buona;Sufficiente;0;0;0;3;12.41968;41.83177;-1;1;Autovettura privata;In marcia / fermata / arresto;Passeggero;M;Illeso;0;;Utilizzato;
2305686;15;10/03/2015 18:40;Strada Urbana;VIA DELLA MAGLIANA;in prossimità;;del palo luce n.;150;;Tamponamento;Rettilineo;Una carreggiata a doppio senso;Asciutto;Asfaltata;Orizzontale;Sereno;Normale;Buona;Sufficiente;0;0;0;3;12.41968;41.83177;-1;2;Autovettura privata;In marcia / fermata / arresto;Conducente;M;Illeso;0;;Utilizzato;
2305689;15;10/03/2015 19:30;Strada Urbana;VIA DELLA MAGLIANA;in prossimità;;del civico n.;400;;Infortunio per sola frenata improvvisa;Rettilineo;Una carreggiata a doppio senso;Asciutto;Asfaltata;Orizzontale;Sereno;Normale;Buona;Sufficiente;2;0;0;0;12.45454;41.84117;-1;1;Motociclo con passeggero;In marcia / fermata / arresto;Conducente;M;Rimandato;0;NON DECEDUTO;;
2305689;15;10/03/2015 19:30;Strada Urbana;VIA DELLA MAGLIANA;in prossimità;;del civico n.;400;;Infortunio per sola frenata improvvisa;Rettilineo;Una carreggiata a doppio senso;Asciutto;Asfaltata;Orizzontale;Sereno;Normale;Buona;Sufficiente;2;0;0;0;12.45454;41.84117;-1;1;Motociclo con passeggero;In marcia / fermata / arresto;Passeggero;F;Rimandato;0;NON DECEDUTO;;
2305732;9;10/03/2015 20:15;Strada Urbana;VIA BEATA MARIA DE MATTIAS;da specificare;;;;prossimità 10;Investimento di pedone;Rettilineo;Una carreggiata a doppio senso;Asciutto;Asfaltata;Verticale ed orizzontale;Sereno;Scarso;Sufficiente;Sufficiente;1;0;0;1;12.50246;41.87929;-1;;;;Pedone;F;Rimandato;0;NON DECEDUTO;;
2305732;9;10/03/2015 20:15;Strada Urbana;VIA BEATA MARIA DE MATTIAS;da specificare;;;;prossimità 10;Investimento di pedone;Rettilineo;Una carreggiata a doppio senso;Asciutto;Asfaltata;Verticale ed orizzontale;Sereno;Scarso;Sufficiente;Sufficiente;1;0;0;1;12.50246;41.87929;-1;1;Autovettura privata;In marcia / fermata / arresto;Conducente;M;Illeso;0;;Non accertato;Inesploso
2305736;11;10/03/2015 16:30;Strada Urbana;VIA ARDEATINA;all'intersezione con;VIA DI TORRICOLA;VIA DI TORRICOLA;;;Scontro frontale fra veicoli in marcia;Incrocio;Una carreggiata a doppio senso;Asciutto;Asfaltata;Verticale;Sereno;Normale;Buona;Ore Diurne;0;0;0;4;12.5296;41.80909;-1;1;Autovettura privata;In marcia / fermata / arresto;Conducente;M;Illeso;0;;Non accertato;Inesploso
2305736;11;10/03/2015 16:30;Strada Urbana;VIA ARDEATINA;all'intersezione con;VIA DI TORRICOLA;VIA DI TORRICOLA;;;Scontro frontale fra veicoli in marcia;Incrocio;Una carreggiata a doppio senso;Asciutto;Asfaltata;Verticale;Sereno;Normale;Buona;Ore Diurne;0;0;0;4;12.5296;41.80909;-1;1;Autovettura privata;In marcia / fermata / arresto;Passeggero;F;Illeso;0;;;
2305736;11;10/03/2015 16:30;Strada Urbana;VIA ARDEATINA;all'intersezione con;VIA DI TORRICOLA;VIA DI TORRICOLA;;;Scontro frontale fra veicoli in marcia;Incrocio;Una carreggiata a doppio senso;Asciutto;Asfaltata;Verticale;Sereno;Normale;Buona;Ore Diurne;0;0;0;4;12.5296;41.80909;-1;2;Autovettura privata;In marcia / fermata / arresto;Conducente;M;Illeso;0;;Non accertato;Inesploso
2305736;11;10/03/2015 16:30;Strada Urbana;VIA ARDEATINA;all'intersezione con;VIA DI TORRICOLA;VIA DI TORRICOLA;;;Scontro frontale fra veicoli in marcia;Incrocio;Una carreggiata a doppio senso;Asciutto;Asfaltata;Verticale;Sereno;Normale;Buona;Ore Diurne;0;0;0;4;12.5296;41.80909;-1;2;Autovettura privata;In marcia / fermata / arresto;Passeggero;F;Illeso;0;;Non accertato;Inesploso
2305741;10;10/03/2015 18:50;Strada Urbana;VIA ROGHUDI;in prossimità;;del palo luce n.;15;;Veicolo in marcia contro ostacolo accidentale;Rettilineo;Una carreggiata a doppio senso;Asciutto;Asfaltata;Assente;Sereno;Scarso;Buona;Sufficiente;0;0;0;1;12.62144;41.81784;-1;1;Autovettura privata;In marcia / fermata / arresto;Conducente;M;Illeso;0;;Non accertato;Inesploso
2305742;10;10/03/2015 22:50;Strada Urbana;VIA TUSCOLANA;all'intersezione semaforizzata con;VIA DEL QUADRARO;VIA DEL QUADRARO;;;Scontro frontale/laterale DX fra veicoli in marcia;Incrocio;Due carreggiate;Asciutto;Asfaltata;Verticale ed orizzontale;Sereno;Scarso;Buona;Sufficiente;1;0;0;1;12.55473;41.86106;-1;1;Autovettura privata;In marcia / fermata / arresto;Conducente;F;Illeso;0;;Non accertato;Inesploso
2305742;10;10/03/2015 22:50;Strada Urbana;VIA TUSCOLANA;all'intersezione semaforizzata con;VIA DEL QUADRARO;VIA DEL QUADRARO;;;Scontro frontale/laterale DX fra veicoli in marcia;Incrocio;Due carreggiate;Asciutto;Asfaltata;Verticale ed orizzontale;Sereno;Scarso;Buona;Sufficiente;1;0;0;1;12.55473;41.86106;-1;2;Motociclo a solo;In marcia / fermata / arresto;Conducente;M;Rimandato;0;NON DECEDUTO;Non accertato;
2305749;9;10/03/2015 19:00;Strada Urbana;VIA TURNO;all'intersezione con;VIA EURIALO;VIA EURIALO;;;Scontro frontale/laterale DX fra veicoli in marcia;Intersezione stradale segnalata;Una carreggiata a senso unico di marcia;Asciutto;Asfaltata;Verticale;Sereno;Normale;Sufficiente;Sufficiente;0;0;0;6;12.52663;41.87309;-1;1;Autovettura privata;In marcia / fermata / arresto;Conducente;F;Illeso;0;;Non accertato;Inesploso
2305749;9;10/03/2015 19:00;Strada Urbana;VIA TURNO;all'intersezione con;VIA EURIALO;VIA EURIALO;;;Scontro frontale/laterale DX fra veicoli in marcia;Intersezione stradale segnalata;Una carreggiata a senso unico di marcia;Asciutto;Asfaltata;Verticale;Sereno;Normale;Sufficiente;Sufficiente;0;0;0;6;12.52663;41.87309;-1;1;Autovettura privata;In marcia / fermata / arresto;Passeggero;M;Illeso;0;;Non accertato;Inesploso
2305749;9;10/03/2015 19:00;Strada Urbana;VIA TURNO;all'intersezione con;VIA EURIALO;VIA EURIALO;;;Scontro frontale/laterale DX fra veicoli in marcia;Intersezione stradale segnalata;Una carreggiata a senso unico di marcia;Asciutto;Asfaltata;Verticale;Sereno;Normale;Sufficiente;Sufficiente;0;0;0;6;12.52663;41.87309;-1;2;Autovettura privata;In marcia / fermata / arresto;Conducente;M;Illeso;0;;Non accertato;Inesploso
2305749;9;10/03/2015 19:00;Strada Urbana;VIA TURNO;all'intersezione con;VIA EURIALO;VIA EURIALO;;;Scontro frontale/laterale DX fra veicoli in marcia;Intersezione stradale segnalata;Una carreggiata a senso unico di marcia;Asciutto;Asfaltata;Verticale;Sereno;Normale;Sufficiente;Sufficiente;0;0;0;6;12.52663;41.87309;-1;2;Autovettura privata;In marcia / fermata / arresto;Passeggero;F;Illeso;0;;Non accertato;Inesploso
2305749;9;10/03/2015 19:00;Strada Urbana;VIA TURNO;all'intersezione con;VIA EURIALO;VIA EURIALO;;;Scontro frontale/laterale DX fra veicoli in marcia;Intersezione stradale segnalata;Una carreggiata a senso unico di marcia;Asciutto;Asfaltata;Verticale;Sereno;Normale;Sufficiente;Sufficiente;0;0;0;6;12.52663;41.87309;-1;2;Autovettura privata;In marcia / fermata / arresto;Passeggero;M;Illeso;0;;Non accertato;Inesploso