Protocollo;Gruppo;DataOraIncidente;Localizzazione1;STRADA1;Localizzazione2;STRADA2;Strada02;Chilometrica;DaSpecificare;NaturaIncidente;particolaritastrade;TipoStrada;FondoStradale;Pavimentazione;Segnaletica;CondizioneAtmosferica;Traffico;Visibilita;Illuminazione;NUM_FERITI;NUM_RISERVATA;NUM_MORTI;NUM_ILLESI;Longitudine;Latitudine;Confermato;Progressivo;TipoVeicolo;StatoVeicolo;TipoPersona;Sesso;Tipolesione;Deceduto;DecedutoDopo;CinturaCascoUtilizzato;Airbag
2311394;2;16/03/2015 14:20;Strada Urbana;VIALE DEL MURO TORTO;da specificare;;;;altezza via Toscana.;Veicolo in marcia contro ostacolo fisso;Curva a visuale libera;Due carreggiate;Bagnato (pioggia);Asfaltata;Verticale ed orizzontale;Pioggia in atto;Intenso;Buona;Ore Diurne;0;0;0;1;12.49049;41.91001;-1;1;Autocarro inferiore 35 q.;In marcia / fermata / arresto;Conducente;M;Illeso;0;;Non accertato;Inesploso
2311400;19;16/03/2015 14:00;Strada Urbana;VIA DI CASAL DEL MARMO;in prossimità;;del civico n.;588;;Veicolo in marcia contro ostacolo fisso;Curva senza visuale libera;Una carreggiata a doppio senso;Bagnato (pioggia);Asfaltata;Assente;Pioggia in atto;Normale;Buona;Ore Diurne;2;0;0;0;12.38557;41.93824;-1;1;Autovettura privata;In marcia / fermata / arresto;Conducente;F;Rimandato;0;NON DECEDUTO;Non accertato;Inesploso
2311400;19;16/03/2015 14:00;Strada Urbana;VIA DI CASAL DEL MARMO;in prossimità;;del civico n.;588;;Veicolo in marcia contro ostacolo fisso;Curva senza visuale libera;Una carreggiata a doppio senso;Bagnato (pioggia);Asfaltata;Assente;Pioggia in atto;Normale;Buona;Ore Diurne;2;0;0;0;12.38557;41.93824;-1;1;Autovettura privata;In marcia / fermata / arresto;Passeggero;M;Rimandato;0;NON DECEDUTO;Non accertato;Inesploso
2311414;12;16/03/2015 12:15;Provinciale;VIA LAURENTINA;da specificare;;;;altezza km. 17.200 (Direzione Roma);Fuoriuscita dalla sede stradale;Curva senza visuale libera;Una carreggiata a doppio senso;Bagnato (pioggia);Strada pavimentata dissestata;Verticale ed orizzontale;Pioggia in atto;Normale;Buona;Ore Diurne;0;0;2;0;12.50531;41.72938;-1;1;Motrice;In marcia / fermata / arresto;Conducente;M;Deceduto durante prime cure;-1;;Non accertato;Inesploso
2311414;12;16/03/2015 12:15;Provinciale;VIA LAURENTINA;da specificare;;;;altezza km. 17.200 (Direzione Roma);Fuoriuscita dalla sede stradale;Curva senza visuale libera;Una carreggiata a doppio senso;Bagnato (pioggia);Strada pavimentata dissestata;Verticale ed orizzontale;Pioggia in atto;Normale;Buona;Ore Diurne;0;0;2;0;12.50531;41.72938;-1;2;Rimorchio;In marcia / fermata / arresto;Conducente;M;Deceduto durante prime cure;-1;;;
2311418;16;13/03/2015 12:15;Strada Urbana;CIRCONVALLAZIONE GIANICOLENSE;da specificare;;;;altezza fermata atac 79749;Scontro laterale fra veicoli in marcia;Rettilineo;Più di due carreggiate;Asciutto;Asfaltata;Assente;Sereno;Normale;Buona;Ore Diurne;1;0;0;2;12.44956;41.87247;-1;1;Motociclo a solo;In marcia / fermata / arresto;Conducente;M;Rimandato;0;NON DECEDUTO;Non accertato;
2311418;16;13/03/2015 12:15;Strada Urbana;CIRCONVALLAZIONE GIANICOLENSE;da specificare;;;;altezza fermata atac 79749;Scontro laterale fra veicoli in marcia;Rettilineo;Più di due carreggiate;Asciutto;Asfaltata;Assente;Sereno;Normale;Buona;Ore Diurne;1;0;0;2;12.44956;41.87247;-1;2;Autovettura privata;In marcia / fermata / arresto;Conducente;M;Illeso;0;;Non accertato;Inesploso
2311418;16;13/03/2015 12:15;Strada Urbana;CIRCONVALLAZIONE GIANICOLENSE;da specificare;;;;altezza fermata atac 79749;Scontro laterale fra veicoli in marcia;Rettilineo;Più di due carreggiate;Asciutto;Asfaltata;Assente;Sereno;Normale;Buona;Ore Diurne;1;0;0;2;12.44956;41.87247;-1;3;Autovettura privata;In marcia / fermata / arresto;Conducente;M;Illeso;0;;Non accertato;
2311438;19;16/03/2015 14:45;Strada Urbana;VIA DI CASAL DEL MARMO;in prossimità;;del civico n.;401;;Veicolo in marcia contro ostacolo fisso;Curva senza visuale libera;Una carreggiata a doppio senso;Bagnato (pioggia);Asfaltata;Orizzontale;Pioggia in atto;Normale;Buona;Ore Diurne;0;0;0;1;12.38161;41.93317;-1;1;Autovettura privata;In marcia / fermata / arresto;Conducente;F;Illeso;0;;Non accertato;Inesploso
2311615;15;16/03/2015 14:00;Strada Urbana;VIA DEI PAPARESCHI;all'intersezione con;PIAZZA DELLA RADIO;PIAZZA DELLA RADIO;;;Tamponamento;Incrocio;Una carreggiata a senso unico di marcia;Bagnato (pioggia);Asfaltata;Verticale;Pioggia in atto;Normale;Buona;Ore Diurne;0;0;0;2;12.46781;41.8698;-1;1;Autovettura privata;In marcia / fermata / arresto;Conducente;M;Illeso;0;;Utilizzato;
2311615;15;16/03/2015 14:00;Strada Urbana;VIA DEI PAPARESCHI;all'intersezione con;PIAZZA DELLA RADIO;PIAZZA DELLA RADIO;;;Tamponamento;Incrocio;Una carreggiata a senso unico di marcia;Bagnato (pioggia);Asfaltata;Verticale;Pioggia in atto;Normale;Buona;Ore Diurne;0;0;0;2;12.46781;41.8698;-1;2;Autovettura privata;In marcia / fermata / arresto;Conducente;M;Illeso;0;;Non accertato;
2311616;15;16/03/2015 20:30;Strada Urbana;VIA AGOSTINO MAGLIANI;in prossimità;;del civico n.;6;;Tamponamento;Rettilineo;Una carreggiata a senso unico di marcia;Bagnato (pioggia);Asfaltata;Assente;Pioggia in atto;Scarso;Sufficiente;Sufficiente;0;0;0;3;12.42325;41.8464;-1;1;Motociclo con passeggero;In marcia / fermata / arresto;Conducente;M;Illeso;0;;Utilizzato;
2311616;15;16/03/2015 20:30;Strada Urbana;VIA AGOSTINO MAGLIANI;in prossimità;;del civico n.;6;;Tamponamento;Rettilineo;Una carreggiata a senso unico di marcia;Bagnato (pioggia);Asfaltata;Assente;Pioggia in atto;Scarso;Sufficiente;Sufficiente;0;0;0;3;12.42325;41.8464;-1;1;Motociclo con passeggero;In marcia / fermata / arresto;Passeggero;M;Illeso;0;;Utilizzato;
2311616;15;16/03/2015 20:30;Strada Urbana;VIA AGOSTINO MAGLIANI;in prossimità;;del civico n.;6;;Tamponamento;Rettilineo;Una carreggiata a senso unico di marcia;Bagnato (pioggia);Asfaltata;Assente;Pioggia in atto;Scarso;Sufficiente;Sufficiente;0;0;0;3;12.42325;41.8464;-1;2;Autovettura privata;In marcia / fermata / arresto;Conducente;M;Illeso;0;;Utilizzato;
2311618;15;16/03/2015 22:00;Strada Urbana;VIA DELLA PISANA;da specificare;;;;prossimità Via di Brava;Veicolo in marcia contro ostacolo accidentale;Curva a visuale libera;Una carreggiata a doppio senso;Bagnato (pioggia);Asfaltata;Orizzontale;Pioggia in atto;Scarso;Insufficiente;Insufficiente;0;0;0;2;12.39764;41.85757;-1;1;Autovettura privata;In marcia / fermata / arresto;Conducente;M;Illeso;0;;Utilizzato;
2311618;15;16/03/2015 22:00;Strada Urbana;VIA DELLA PISANA;da specificare;;;;prossimità Via di Brava;Veicolo in marcia contro ostacolo accidentale;Curva a visuale libera;Una carreggiata a doppio senso;Bagnato (pioggia);Asfaltata;Orizzontale;Pioggia in atto;Scarso;Insufficiente;Insufficiente;0;0;0;2;12.39764;41.85757;-1;1;Autovettura privata;In marcia / fermata / arresto;Passeggero;F;Illeso;0;;Utilizzato;
2311633;9;16/03/2015 18:50;Strada Urbana;VIA APPIA NUOVA;da specificare;;;;PROSSIMITA' VIA DEMETRIADE;Tamponamento Multiplo;Rettilineo;Una carreggiata a senso unico di marcia;Bagnato (pioggia);Asfaltata;Verticale ed orizzontale;Pioggia in atto;Normale;Buona;Ore Diurne;0;0;0;5;12.53362;41.86136;-1;1;Autovettura privata;In marcia / fermata / arresto;Conducente;M;Illeso;0;;Non accertato;Inesploso
2311633;9;16/03/2015 18:50;Strada Urbana;VIA APPIA NUOVA;da specificare;;;;PROSSIMITA' VIA DEMETRIADE;Tamponamento Multiplo;Rettilineo;Una carreggiata a senso unico di marcia;Bagnato (pioggia);Asfaltata;Verticale ed orizzontale;Pioggia in atto;Normale;Buona;Ore Diurne;0;0;0;5;12.53362;41.86136;-1;2;Autovettura privata;In marcia / fermata / arresto;Conducente;M;Illeso;0;;Non accertato;Inesploso
2311633;9;16/03/2015 18:50;Strada Urbana;VIA APPIA NUOVA;da specificare;;;;PROSSIMITA' VIA DEMETRIADE;Tamponamento Multiplo;Rettilineo;Una carreggiata a senso unico di marcia;Bagnato (pioggia);Asfaltata;Verticale ed orizzontale;Pioggia in atto;Normale;Buona;Ore Diurne;0;0;0;5;12.53362;41.86136;-1;2;Autovettura privata;In marcia / fermata / arresto;Passeggero;F;Illeso;0;;Non accertato;Inesploso
2311633;9;16/03/2015 18:50;Strada Urbana;VIA APPIA NUOVA;da specificare;;;;PROSSIMITA' VIA DEMETRIADE;Tamponamento Multiplo;Rettilineo;Una carreggiata a senso unico di marcia;Bagnato (pioggia);Asfaltata;Verticale ed orizzontale;Pioggia in atto;Normale;Buona;Ore Diurne;0;0;0;5;12.53362;41.86136;-1;2;Autovettura privata;In marcia / fermata / arresto;Passeggero;M;Illeso;0;;Non accertato;Inesploso
2311633;9;16/03/2015 18:50;Strada Urbana;VIA APPIA NUOVA;da specificare;;;;PROSSIMITA' VIA DEMETRIADE;Tamponamento Multiplo;Rettilineo;Una carreggiata a senso unico di marcia;Bagnato (pioggia);Asfaltata;Verticale ed orizzontale;Pioggia in atto;Normale;Buona;Ore Diurne;0;0;0;5;12.53362;41.86136;-1;3;Autovettura privata;In marcia / fermata / arresto;Conducente;F;Illeso;0;;Non accertato;Esploso
2311665;11;17/03/2015 00:30;Strada Urbana;VIADOTTO DELLA MAGLIANA;da specificare;;;;(dir. GRA) FRONTE VIA DEL CAPPELLACCIO;Veicolo in marcia contro ostacolo fisso;Curva senza visuale libera;Due carreggiate;Bagnato (pioggia);Asfaltata;Verticale ed orizzontale;Pioggia in atto;Normale;Buona;Sufficiente;0;0;0;1;12.46221;41.84062;-1;1;Autovettura privata;In marcia / fermata / arresto;Conducente;M;Illeso;0;;;
2311667;11;17/03/2015 01:05;Strada Urbana;VIA ERODE ATTICO;in prossimità;;del civico n.;27;;Scontro frontale/laterale SX fra veicoli in marcia;Rettilineo;Una carreggiata a doppio senso;Bagnato (pioggia);Asfaltata;Assente;Pioggia in atto;Scarso;Buona;Sufficiente;1;0;0;1;12.54241;41.83906;-1;1;Autovettura privata;In marcia / fermata / arresto;Conducente;M;Illeso;0;;Non accertato;Inesploso
2311667;11;17/03/2015 01:05;Strada Urbana;VIA ERODE ATTICO;in prossimità;;del civico n.;27;;Scontro frontale/laterale SX fra veicoli in marcia;Rettilineo;Una carreggiata a doppio senso;Bagnato (pioggia);Asfaltata;Assente;Pioggia in atto;Scarso;Buona;Sufficiente;1;0;0;1;12.54241;41.83906;-1;2;Autovettura privata;In marcia / fermata / arresto;Conducente;M;Rimandato;0;NON DECEDUTO;;Esploso
2311669;9;16/03/2015 20:15;Strada Urbana;VIA APPIA NUOVA;da specificare;;;;fronte civ. 656/D;Veicolo in marcia contro ostacolo accidentale;Rettilineo;Due carreggiate;Bagnato (pioggia);Asfaltata;Verticale ed orizzontale;Pioggia in atto;Scarso;Sufficiente;Sufficiente;0;0;0;1;12.53065;41.86642;-1;1;Autovettura privata;In marcia / fermata / arresto;Conducente;F;Illeso;0;;Non accertato;Inesploso
2311675;10;16/03/2015 15:45;Strada Urbana;VIA APPIA NUOVA;da specificare;;;;rampa inversione marcia dir. albano;Veicolo in marcia contro ostacolo fisso;Curva a visuale libera;Una carreggiata a senso unico di marcia;Bagnato (pioggia);Asfaltata;Verticale ed orizzontale;Pioggia in atto;Normale;Buona;Ore Diurne;0;0;0;1;12.55156;41.83678;-1;1;Autovettura privata;In marcia / fermata / arresto;Conducente;M;Illeso;0;;Non accertato;Inesploso
2311686;8;16/03/2015 10:00;Strada Urbana;VIA DEL FONTANILE DI CARCARICOLA;da specificare;;;;dir.ne Sorbona alt.za Università Scienze Naturali;Veicolo in marcia contro ostacolo accidentale;Rettilineo;Due carreggiate;Bagnato (pioggia);Asfaltata;Verticale ed orizzontale;Pioggia in atto;Normale;Buona;Ore Diurne;0;0;0;1;12.60456;41.85173;-1;1;Autovettura privata;In marcia / fermata / arresto;Conducente;F;Illeso;0;;Non accertato;Inesploso
2311693;8;16/03/2015 09:15;Strada Urbana;VIALE DI TORRE MAURA;in prossimità;;del palo luce n.;83;;Tamponamento Multiplo;Curva a visuale libera;Due carreggiate;Bagnato (pioggia);Asfaltata;Orizzontale;Pioggia in atto;Intenso;Buona;Ore Diurne;0;0;0;4;12.59217;41.86022;-1;1;Autocarro inferiore 35 q.;In marcia / fermata / arresto;Conducente;M;Illeso;0;;Non accertato;Inesploso
2311693;8;16/03/2015 09:15;Strada Urbana;VIALE DI TORRE MAURA;in prossimità;;del palo luce n.;83;;Tamponamento Multiplo;Curva a visuale libera;Due carreggiate;Bagnato (pioggia);Asfaltata;Orizzontale;Pioggia in atto;Intenso;Buona;Ore Diurne;0;0;0;4;12.59217;41.86022;-1;2;Autovettura privata;In marcia / fermata / arresto;Conducente;F;Illeso;0;;Non accertato;Inesploso
2311693;8;16/03/2015 09:15;Strada Urbana;VIALE DI TORRE MAURA;in prossimità;;del palo luce n.;83;;Tamponamento Multiplo;Curva a visuale libera;Due carreggiate;Bagnato (pioggia);Asfaltata;Orizzontale;Pioggia in atto;Intenso;Buona;Ore Diurne;0;0;0;4;12.59217;41.86022;-1;2;Autovettura privata;In marcia / fermata / arresto;Passeggero;F;Illeso;0;;Non accertato;Inesploso
2311693;8;16/03/2015 09:15;Strada Urbana;VIALE DI TORRE MAURA;in prossimità;;del palo luce n.;83;;Tamponamento Multiplo;Curva a visuale libera;Due carreggiate;Bagnato (pioggia);Asfaltata;Orizzontale;Pioggia in atto;Intenso;Buona;Ore Diurne;0;0;0;4;12.59217;41.86022;-1;3;Autocarro inferiore 35 q.;In marcia / fermata / arresto;Conducente;M;Illeso;0;;Non accertato;Inesploso
2311697;8;16/03/2015 11:15;Strada Urbana;VIA GIORGIO GRAPPELLI;in prossimità;;del palo luce n.;10;;Veicolo in marcia contro ostacolo accidentale;Curva a visuale libera;Due carreggiate;Bagnato (pioggia);Asfaltata;Verticale ed orizzontale;Nuvoloso;Normale;Buona;Ore Diurne;0;0;0;1;12.65753;41.91169;-1;1;Autovettura privata;In marcia / fermata / arresto;Conducente;F;Illeso;0;;Non accertato;Inesploso
2311700;10;16/03/2015 15:46;Strada Urbana;VIA APPIA NUOVA;da specificare;;;;rampa inversione marcia dir. albano;Veicolo in marcia contro ostacolo fisso;Curva a visuale libera;Una carreggiata a senso unico di marcia;Bagnato (pioggia);Asfaltata;Verticale ed orizzontale;Pioggia in atto;Normale;Buona;Ore Diurne;0;0;0;1;12.55156;41.83678;-1;1;Autocarro inferiore 35 q.;In marcia / fermata / arresto;Conducente;M;Illeso;0;;Non accertato;Inesploso
2311702;8;16/03/2015 11:20;Strada Urbana;VIALE DUILIO CAMBELLOTTI;da specificare;;;;"alt.za cavalcavia Metro ""C"" dir. Casilina";Fuoriuscita dalla sede stradale;Curva a visuale libera;Due carreggiate;Bagnato (pioggia);Asfaltata;Verticale ed orizzontale;Pioggia in atto;Normale;Buona;Ore Diurne;0;0;0;1;12.62961;41.86737;-1;1;Autovettura privata;In marcia / fermata / arresto;Conducente;F;Illeso;0;;Non accertato;Inesploso
2311708;8;16/03/2015 12:20;Strada Urbana;VIA GIORGIO GRAPPELLI;in prossimità;;del palo luce n.;12;;Veicolo in marcia contro ostacolo fisso;Curva a visuale libera;Due carreggiate;Bagnato (pioggia);Asfaltata;Verticale ed orizzontale;Nuvoloso;Normale;Buona;Ore Diurne;0;0;0;1;12.65753;41.91169;-1;1;Autovettura privata;In marcia / fermata / arresto;Conducente;F;Illeso;0;;Non accertato;Inesploso
2311713;10;16/03/2015 16:15;Strada Urbana;VIA MARCO VALERIO CORVO;in prossimità;;del civico n.;19;;Veicolo in marcia contro veicolo in sosta;Rettilineo;Una carreggiata a senso unico di marcia;Bagnato (pioggia);Asfaltata;Assente;Pioggia in atto;Scarso;Sufficiente;Ore Diurne;0;0;0;1;12.5549;41.85951;-1;4;Autovettura privata;In marcia / fermata / arresto;Conducente;M;Illeso;0;;Non accertato;Inesploso
2311717;8;15/03/2015 21:30;Strada Urbana;VIALE DELLA SORBONA;da specificare;;;;altezza Via Columbia;Veicolo in marcia contro ostacolo fisso;Curva a visuale libera;Una carreggiata a senso unico di marcia;Bagnato (pioggia);Asfaltata;Verticale ed orizzontale;Pioggia in atto;Normale;Buona;Ore Diurne;0;0;0;1;12.61206;41.85464;-1;1;Autovettura privata;In marcia / fermata / arresto;Conducente;M;Illeso;0;;Non accertato;Inesploso
2311718;19;16/03/2015 10:30;Strada Urbana;VIA VITTORIO MONTIGLIO;da specificare;;;;prossimità palo Acea n° 12;Fuoriuscita dalla sede stradale;Curva senza visuale libera;Una carreggiata a doppio senso;Bagnato (pioggia);Asfaltata;Verticale ed orizzontale;Pioggia in atto;Normale;Buona;Ore Diurne;0;0;0;1;12.42872;41.92407;-1;1;Autocarro inferiore 35 q.;In marcia / fermata / arresto;Conducente;M;Illeso;0;;Non accertato;Inesploso
2311720;5;16/03/2015 11:40;Strada Urbana;VIA BELMONTE IN SABINA;da specificare;;;;in prossimità G.R.A. direzione Palombarese;Scontro laterale fra veicoli in marcia;Rettilineo;Due carreggiate;Bagnato (pioggia);Asfaltata;Verticale ed orizzontale;Pioggia in atto;Intenso;Buona;Ore Diurne;2;0;0;0;12.59979;41.95052;-1;1;Autovettura privata;In marcia / fermata / arresto;Conducente;F;Rimandato;0;NON DECEDUTO;Non accertato;
2311720;5;16/03/2015 11:40;Strada Urbana;VIA BELMONTE IN SABINA;da specificare;;;;in prossimità G.R.A. direzione Palombarese;Scontro laterale fra veicoli in marcia;Rettilineo;Due carreggiate;Bagnato (pioggia);Asfaltata;Verticale ed orizzontale;Pioggia in atto;Intenso;Buona;Ore Diurne;2;0;0;0;12.59979;41.95052;-1;2;Autovettura privata;In marcia / fermata / arresto;Conducente;F;Rimandato;0;NON DECEDUTO;Non accertato;
2311723;5;16/03/2015 13:05;Strada Urbana;VIALE DELLA SERENISSIMA;da specificare;;;;all'altezza dell'A/24;Scontro laterale fra veicoli in marcia;Rettilineo;Due carreggiate;Bagnato (pioggia);Asfaltata;Verticale ed orizzontale;Pioggia in atto;Normale;Buona;Ore Diurne;1;0;0;1;12.55703;41.90235;-1;1;Motociclo a solo;In marcia / fermata / arresto;Conducente;M;Rimandato;0;NON DECEDUTO;Non accertato;
2311723;5;16/03/2015 13:05;Strada Urbana;VIALE DELLA SERENISSIMA;da specificare;;;;all'altezza dell'A/24;Scontro laterale fra veicoli in marcia;Rettilineo;Due carreggiate;Bagnato (pioggia);Asfaltata;Verticale ed orizzontale;Pioggia in atto;Normale;Buona;Ore Diurne;1;0;0;1;12.55703;41.90235;-1;2;Autovettura privata;In marcia / fermata / arresto;Conducente;M;Illeso;0;;Non accertato;Inesistente
2311724;8;16/03/2015 16:20;Strada Urbana;VIALE DUILIO CAMBELLOTTI;da specificare;;;;sotto ponte Stazione Torrenova;Veicolo in marcia contro ostacolo fisso;Pendenza;Una carreggiata a senso unico di marcia;Bagnato (pioggia);Asfaltata;Orizzontale;Pioggia in atto;Normale;Buona;Ore Diurne;1;0;0;0;12.62935;41.86719;-1;1;Autovettura privata;In marcia / fermata / arresto;Conducente;F;Rifiuta cure immediate;0;NON DECEDUTO;Non accertato;Inesploso
2311725;7;16/03/2015 07:30;Strada Urbana;VIA FRANCESCO TOVAGLIERI;in prossimità;;del civico n.;329;;Veicolo in marcia contro veicolo in sosta;Rettilineo;Una carreggiata a senso unico di marcia;Bagnato (pioggia);Asfaltata;Assente;Pioggia in atto;Normale;Buona;Ore Diurne;0;0;0;1;12.58767;41.88079;-1;1;Autocarro inferiore 35 q.;In marcia / fermata / arresto;Conducente;M;Illeso;0;;Non accertato;Inesploso
2311726;20;17/03/2015 07:10;Strada Urbana;VIA DEI DUE PONTI;in prossimità;;del civico n.;110;;Ribaltamento senza urto contro ostacolo fisso;Curva senza visuale libera;Una carreggiata a doppio senso;Bagnato (pioggia);Asfaltata;Verticale ed orizzontale;Pioggia in atto;Normale;Buona;Ore Diurne;0;0;0;1;12.47231;41.96594;-1;1;Autovettura privata;In marcia / fermata / arresto;Conducente;F;Illeso;0;;;
2311728;8;16/03/2015 18:30;Strada Urbana;VIALE DEI ROMANISTI;da specificare;;;;50 mt prima dell'intersezione con Via F. Tacconi;Veicolo in marcia contro ostacolo fisso;Curva a visuale libera;Due carreggiate;Bagnato (pioggia);Asfaltata;Verticale ed orizzontale;Pioggia in atto;Normale;Insufficiente;Insufficiente;0;0;0;1;12.58075;41.86507;-1;1;Autovettura privata;In marcia / fermata / arresto;Conducente;F;Illeso;0;;Non accertato;Inesploso
2311732;8;16/03/2015 21:00;Strada Urbana;VIALE DELLA SORBONA;da specificare;;;;25 mt prima del palo acea 17 dir.ne RM Centro;Veicolo in marcia contro ostacolo fisso;Rettilineo;Due carreggiate;Asciutto;Asfaltata;Verticale ed orizzontale;Nuvoloso;Normale;Buona;Sufficiente;0;0;0;1;12.61206;41.85464;-1;1;Autovettura privata;In marcia / fermata / arresto;Conducente;M;Illeso;0;;Non accertato;Inesploso
2311734;10;17/03/2015 01:00;Strada Urbana;VIA TUSCOLANA;all'intersezione con;VIA DI TORRE SPACCATA;VIA DI TORRE SPACCATA;;;Fuoriuscita dalla sede stradale;Incrocio;Una carreggiata a senso unico di marcia;Bagnato (pioggia);Asfaltata;Verticale ed orizzontale;Pioggia in atto;Scarso;Sufficiente;Sufficiente;1;0;0;0;12.57585;41.84859;-1;1;Autovettura privata;In marcia / fermata / arresto;Conducente;M;Rimandato;0;NON DECEDUTO;Non accertato;Inesploso
2311736;8;16/03/2015 14:45;Strada Urbana;VIALE DELLA SORBONA;da specificare;;;;alt.za inversione di marcia Via Columbia;Infortunio per sola frenata improvvisa;Curva a visuale libera;Una carreggiata a senso unico di marcia;Bagnato (pioggia);Asfaltata;Orizzontale;Pioggia in atto;Normale;Buona;Ore Diurne;1;0;0;0;12.61206;41.85464;-1;1;Motociclo a solo;In marcia / fermata / arresto;Conducente;F;Rimandato;0;NON DECEDUTO;Non accertato;
2311737;19;16/03/2015 11:00;Strada Urbana;GALLERIA GIOVANNI XXIII;da specificare;;;;rampa Pieve di Cadore;Veicolo in marcia contro ostacolo fisso;Galleria illuminata;Una carreggiata a senso unico di marcia;Bagnato (pioggia);Asfaltata;Verticale ed orizzontale;Pioggia in atto;Normale;Buona;Sufficiente;0;0;0;1;12.44462;41.94111;-1;1;Autovettura privata;In marcia / fermata / arresto;Conducente;M;Illeso;0;;Non accertato;
2311738;8;16/03/2015 10:20;Strada Urbana;VIALE OXFORD;da specificare;;;;inversione di marcia dir.ne Cambellotti;Veicolo in marcia contro ostacolo fisso;Curva senza visuale libera;Due carreggiate;Bagnato (pioggia);Asfaltata;Verticale ed orizzontale;Pioggia in atto;Normale;Sufficiente;Ore Diurne;0;0;0;1;12.62817;41.8599;-1;1;Autovettura privata;In marcia / fermata / arresto;Conducente;F;Illeso;0;;Non accertato;Inesploso
2311741;8;16/03/2015 09:00;Strada Urbana;VIALE DUILIO CAMBELLOTTI;da specificare;;;;rampa imm. via Casilina -fuori Roma;Veicolo in marcia contro ostacolo fisso;Curva a visuale libera;Due carreggiate;Bagnato (pioggia);Asfaltata;Verticale ed orizzontale;Pioggia in atto;Normale;Buona;Ore Diurne;1;0;0;0;12.62935;41.86719;-1;1;Autovettura privata;In marcia / fermata / arresto;Conducente;F;Ricoverato;0;NON DECEDUTO;Non accertato;Inesploso
2311744;5;16/03/2015 07:45;Strada Urbana;VIA GIUSEPPE ANTONIO ANDRIULLI;da specificare;;;;direzione Prenestina all'altezza A24;Tamponamento Multiplo;Rettilineo;Due carreggiate;Bagnato (pioggia);Asfaltata;Orizzontale;Pioggia in atto;Normale;Buona;Ore Diurne;0;0;0;5;12.55694;41.90315;-1;1;Autovettura privata;In marcia / fermata / arresto;Conducente;F;Illeso;0;;Non accertato;
2311744;5;16/03/2015 07:45;Strada Urbana;VIA GIUSEPPE ANTONIO ANDRIULLI;da specificare;;;;direzione Prenestina all'altezza A24;Tamponamento Multiplo;Rettilineo;Due carreggiate;Bagnato (pioggia);Asfaltata;Orizzontale;Pioggia in atto;Normale;Buona;Ore Diurne;0;0;0;5;12.55694;41.90315;-1;1;Autovettura privata;In marcia / fermata / arresto;Passeggero;F;Illeso;0;;Non accertato;
2311744;5;16/03/2015 07:45;Strada Urbana;VIA GIUSEPPE ANTONIO ANDRIULLI;da specificare;;;;direzione Prenestina all'altezza A24;Tamponamento Multiplo;Rettilineo;Due carreggiate;Bagnato (pioggia);Asfaltata;Orizzontale;Pioggia in atto;Normale;Buona;Ore Diurne;0;0;0;5;12.55694;41.90315;-1;2;Autovettura privata;In marcia / fermata / arresto;Conducente;M;Illeso;0;;Non accertato;
2311744;5;16/03/2015 07:45;Strada Urbana;VIA GIUSEPPE ANTONIO ANDRIULLI;da specificare;;;;direzione Prenestina all'altezza A24;Tamponamento Multiplo;Rettilineo;Due carreggiate;Bagnato (pioggia);Asfaltata;Orizzontale;Pioggia in atto;Normale;Buona;Ore Diurne;0;0;0;5;12.55694;41.90315;-1;3;Autovettura privata;In marcia / fermata / arresto;Conducente;F;Illeso;0;;Non accertato;
2311744;5;16/03/2015 07:45;Strada Urbana;VIA GIUSEPPE ANTONIO ANDRIULLI;da specificare;;;;direzione Prenestina all'altezza A24;Tamponamento Multiplo;Rettilineo;Due carreggiate;Bagnato (pioggia);Asfaltata;Orizzontale;Pioggia in atto;Normale;Buona;Ore Diurne;0;0;0;5;12.55694;41.90315;-1;4;Autovettura privata;In marcia / fermata / arresto;Conducente;F;Illeso;0;;Non accertato;
2311746;8;16/03/2015 11:30;Strada Urbana;VIA GIORGIO GRAPPELLI;da specificare;;;;inversione marcia alt. palo Acea 60;Veicolo in marcia contro ostacolo accidentale;Rettilineo;Una carreggiata a senso unico di marcia;Bagnato (pioggia);Asfaltata;Verticale ed orizzontale;Pioggia in atto;Normale;Buona;Ore Diurne;1;0;0;1;12.65753;41.91169;-1;1;Autovettura privata;In marcia / fermata / arresto;Conducente;F;Illeso;0;;Non accertato;
2311746;8;16/03/2015 11:30;Strada Urbana;VIA GIORGIO GRAPPELLI;da specificare;;;;inversione marcia alt. palo Acea 60;Veicolo in marcia contro ostacolo accidentale;Rettilineo;Una carreggiata a senso unico di marcia;Bagnato (pioggia);Asfaltata;Verticale ed orizzontale;Pioggia in atto;Normale;Buona;Ore Diurne;1;0;0;1;12.65753;41.91169;-1;1;Autovettura privata;In marcia / fermata / arresto;Passeggero;F;Rifiuta cure immediate;0;NON DECEDUTO;Non accertato;