Protocollo;Gruppo;DataOraIncidente;Localizzazione1;STRADA1;Localizzazione2;STRADA2;Strada02;Chilometrica;DaSpecificare;NaturaIncidente;particolaritastrade;TipoStrada;FondoStradale;Pavimentazione;Segnaletica;CondizioneAtmosferica;Traffico;Visibilita;Illuminazione;NUM_FERITI;NUM_RISERVATA;NUM_MORTI;NUM_ILLESI;Longitudine;Latitudine;Confermato;Progressivo;TipoVeicolo;StatoVeicolo;TipoPersona;Sesso;Tipolesione;Deceduto;DecedutoDopo;CinturaCascoUtilizzato;Airbag
2311978;20;16/03/2015 23:30;Strada Urbana;CORSO DI FRANCIA;all'intersezione con;VIA LUIGI BODIO;VIA LUIGI BODIO;;;Scontro frontale/laterale SX fra veicoli in marcia;Intersezione semaforizzata;Due carreggiate;Bagnato (pioggia);Asfaltata;Verticale ed orizzontale;Pioggia in atto;Scarso;Buona;Sufficiente;0;0;0;2;12.46905;41.94481;-1;1;Autovettura privata;In marcia / fermata / arresto;Conducente;M;Illeso;0;;;
2311978;20;16/03/2015 23:30;Strada Urbana;CORSO DI FRANCIA;all'intersezione con;VIA LUIGI BODIO;VIA LUIGI BODIO;;;Scontro frontale/laterale SX fra veicoli in marcia;Intersezione semaforizzata;Due carreggiate;Bagnato (pioggia);Asfaltata;Verticale ed orizzontale;Pioggia in atto;Scarso;Buona;Sufficiente;0;0;0;2;12.46905;41.94481;-1;2;Autovettura privata;In marcia / fermata / arresto;Conducente;F;Illeso;0;;;
2311984;3;16/03/2015 07:30;Strada Urbana;CIRCONVALLAZIONE TIBURTINA;da specificare;;;;RAMPA AUTOSTRADE DIREZIONE S. GIOVANNI;Veicolo in marcia contro ostacolo fisso;Rettilineo;Più di due carreggiate;Bagnato (pioggia);Asfaltata;Verticale ed orizzontale;Pioggia in atto;Intenso;Buona;Ore Diurne;1;0;0;0;12.52804;41.89941;-1;1;Autovettura privata;In marcia / fermata / arresto;Conducente;F;Ricoverato;0;NON DECEDUTO;Non accertato;Inesploso
2311985;7;16/03/2015 12:20;Strada Urbana;VIALE PALMIRO TOGLIATTI;in prossimità;;del civico n.;529;;Veicolo in marcia contro veicolo fermo;Rettilineo;Due carreggiate;Bagnato (pioggia);Asfaltata;Verticale ed orizzontale;Pioggia in atto;Normale;Buona;Ore Diurne;0;0;0;4;12.57029;41.87509;-1;1;Autovettura privata;In marcia / fermata / arresto;Conducente;F;Illeso;0;;Non accertato;Inesploso
2311985;7;16/03/2015 12:20;Strada Urbana;VIALE PALMIRO TOGLIATTI;in prossimità;;del civico n.;529;;Veicolo in marcia contro veicolo fermo;Rettilineo;Due carreggiate;Bagnato (pioggia);Asfaltata;Verticale ed orizzontale;Pioggia in atto;Normale;Buona;Ore Diurne;0;0;0;4;12.57029;41.87509;-1;1;Autovettura privata;In marcia / fermata / arresto;Passeggero;F;Illeso;0;;Non accertato;Inesploso
2311985;7;16/03/2015 12:20;Strada Urbana;VIALE PALMIRO TOGLIATTI;in prossimità;;del civico n.;529;;Veicolo in marcia contro veicolo fermo;Rettilineo;Due carreggiate;Bagnato (pioggia);Asfaltata;Verticale ed orizzontale;Pioggia in atto;Normale;Buona;Ore Diurne;0;0;0;4;12.57029;41.87509;-1;2;Autovettura privata;In marcia / fermata / arresto;Conducente;F;Illeso;0;;Non accertato;Inesploso
2311985;7;16/03/2015 12:20;Strada Urbana;VIALE PALMIRO TOGLIATTI;in prossimità;;del civico n.;529;;Veicolo in marcia contro veicolo fermo;Rettilineo;Due carreggiate;Bagnato (pioggia);Asfaltata;Verticale ed orizzontale;Pioggia in atto;Normale;Buona;Ore Diurne;0;0;0;4;12.57029;41.87509;-1;2;Autovettura privata;In marcia / fermata / arresto;Passeggero;M;Illeso;0;;Non accertato;Inesploso
2311996;9;17/03/2015 08:10;Strada Urbana;VIA GIULIANELLO;in prossimità;;del civico n.;33;;Veicolo in marcia contro veicoli in arresto;Rettilineo;Una carreggiata a senso unico di marcia;Asciutto;Asfaltata;Verticale ed orizzontale;Nuvoloso;Normale;Buona;Ore Diurne;0;0;0;2;12.53971;41.86641;-1;1;Autovettura privata;In marcia / fermata / arresto;Conducente;M;Illeso;0;;Non accertato;Inesploso
2311996;9;17/03/2015 08:10;Strada Urbana;VIA GIULIANELLO;in prossimità;;del civico n.;33;;Veicolo in marcia contro veicoli in arresto;Rettilineo;Una carreggiata a senso unico di marcia;Asciutto;Asfaltata;Verticale ed orizzontale;Nuvoloso;Normale;Buona;Ore Diurne;0;0;0;2;12.53971;41.86641;-1;2;Autovettura privata;In marcia / fermata / arresto;Conducente;M;Illeso;0;;Non accertato;Inesploso
2312006;3;16/03/2015 10:20;Strada Urbana;VIA DEI VOLSCI;all'intersezione con;VIA DEGLI EQUI;VIA DEGLI EQUI;;;Scontro frontale/laterale DX fra veicoli in marcia;Intersezione stradale segnalata;Una carreggiata a senso unico di marcia;Bagnato (pioggia);Asfaltata;Verticale ed orizzontale;Pioggia in atto;Normale;Buona;Ore Diurne;1;0;0;1;12.51281;41.89671;-1;1;Autovettura privata;In marcia / fermata / arresto;Conducente;M;Rimandato;0;NON DECEDUTO;Non accertato;Inesploso
2312006;3;16/03/2015 10:20;Strada Urbana;VIA DEI VOLSCI;all'intersezione con;VIA DEGLI EQUI;VIA DEGLI EQUI;;;Scontro frontale/laterale DX fra veicoli in marcia;Intersezione stradale segnalata;Una carreggiata a senso unico di marcia;Bagnato (pioggia);Asfaltata;Verticale ed orizzontale;Pioggia in atto;Normale;Buona;Ore Diurne;1;0;0;1;12.51281;41.89671;-1;2;Autovettura privata;In marcia / fermata / arresto;Conducente;M;Illeso;0;;Non accertato;Inesploso
2312015;12;16/03/2015 23:30;Strada Urbana;VIALE DELL'ATLETICA;da specificare;;;;prossimità VIADOTTO DELLA MAGLIANA;Fuoriuscita dalla sede stradale;Curva senza visuale libera;Una carreggiata a senso unico di marcia;Bagnato (pioggia);Asfaltata;Verticale ed orizzontale;Pioggia in atto;Scarso;Buona;Sufficiente;0;0;0;1;12.47573;41.8411;-1;1;Autovettura privata;In marcia / fermata / arresto;Conducente;M;Illeso;0;;Utilizzato;Esploso
2312026;2;16/03/2015 17:00;Strada Urbana;VIA DEI CAMPI SPORTIVI;da specificare;;;;in pross. via del Foro Italico.;Ribaltamento senza urto contro ostacolo fisso;Curva senza visuale libera;Una carreggiata a senso unico di marcia;Bagnato (pioggia);Asfaltata;Verticale ed orizzontale;Pioggia in atto;Normale;Buona;Ore Diurne;1;0;0;0;12.49137;41.93836;-1;1;Motociclo a solo;In marcia / fermata / arresto;Conducente;M;Rimandato;0;NON DECEDUTO;Non accertato;
2312045;12;16/03/2015 18:00;Strada Urbana;VIALE EGEO;in corrispondenza;;del civico n.;25;;Veicolo in marcia contro veicolo in sosta;Curva senza visuale libera;Una carreggiata a senso unico di marcia;Bagnato (pioggia);Asfaltata;Verticale ed orizzontale;Pioggia in atto;Normale;Buona;Sufficiente;0;0;0;1;12.46316;41.8371;-1;1;Autovettura privata;In marcia / fermata / arresto;Conducente;M;Illeso;0;;Utilizzato;Inesploso
2312050;2;16/03/2015 10:35;Strada Urbana;LUNGOTEVERE FLAMINIO;all'intersezione con;VIA VIRGINIO VESPIGNANI;VIA VIRGINIO VESPIGNANI;;;Scontro frontale/laterale SX fra veicoli in marcia;Incrocio;Una carreggiata a doppio senso;Bagnato (pioggia);Asfaltata;Verticale;Pioggia in atto;Normale;Buona;Ore Diurne;0;0;0;2;12.46602;41.92376;-1;1;Autovettura privata;In marcia / fermata / arresto;Conducente;M;Illeso;0;;Non accertato;Inesploso
2312050;2;16/03/2015 10:35;Strada Urbana;LUNGOTEVERE FLAMINIO;all'intersezione con;VIA VIRGINIO VESPIGNANI;VIA VIRGINIO VESPIGNANI;;;Scontro frontale/laterale SX fra veicoli in marcia;Incrocio;Una carreggiata a doppio senso;Bagnato (pioggia);Asfaltata;Verticale;Pioggia in atto;Normale;Buona;Ore Diurne;0;0;0;2;12.46602;41.92376;-1;2;Autovettura privata;In marcia / fermata / arresto;Conducente;M;Illeso;0;;Non accertato;Inesploso
2312051;7;16/03/2015 08:50;Strada Urbana;VIALE PALMIRO TOGLIATTI;in corrispondenza;;del civico n.;916;;Investimento di pedone;Rettilineo;Più di due carreggiate;Bagnato (pioggia);Asfaltata;Orizzontale;Pioggia in atto;Intenso;Buona;Ore Diurne;1;0;0;1;12.57461;41.89083;-1;;;;Pedone;M;Rimandato;0;NON DECEDUTO;;
2312051;7;16/03/2015 08:50;Strada Urbana;VIALE PALMIRO TOGLIATTI;in corrispondenza;;del civico n.;916;;Investimento di pedone;Rettilineo;Più di due carreggiate;Bagnato (pioggia);Asfaltata;Orizzontale;Pioggia in atto;Intenso;Buona;Ore Diurne;1;0;0;1;12.57461;41.89083;-1;1;Motociclo a solo;In marcia / fermata / arresto;Conducente;M;Illeso;0;;;
2312053;3;16/03/2015 12:00;Strada Urbana;CIRCONVALLAZIONE TIBURTINA;da specificare;;;;(Tang. Est) tratto sopraelevato dir. A24;Veicolo in marcia contro ostacolo fisso;Curva senza visuale libera;Una carreggiata a senso unico di marcia;Bagnato (pioggia);Asfaltata;Verticale ed orizzontale;Pioggia in atto;Normale;Buona;Ore Diurne;1;0;0;0;12.52804;41.89941;-1;1;Autovettura privata;In marcia / fermata / arresto;Conducente;M;Rimandato;0;NON DECEDUTO;Non accertato;Inesploso
2312055;9;17/03/2015 10:30;Strada Urbana;VIA NOLA;da specificare;;;;ALTEZZA VIALE CASTRENSE;Scontro laterale fra veicoli in marcia;Rettilineo;Una carreggiata a doppio senso;Bagnato (pioggia);Asfaltata;Orizzontale;Nuvoloso;Normale;Buona;Ore Diurne;0;0;0;2;12.51496;41.88727;-1;1;Autovettura privata;In marcia / fermata / arresto;Conducente;M;Illeso;0;;Utilizzato;Inesploso
2312055;9;17/03/2015 10:30;Strada Urbana;VIA NOLA;da specificare;;;;ALTEZZA VIALE CASTRENSE;Scontro laterale fra veicoli in marcia;Rettilineo;Una carreggiata a doppio senso;Bagnato (pioggia);Asfaltata;Orizzontale;Nuvoloso;Normale;Buona;Ore Diurne;0;0;0;2;12.51496;41.88727;-1;2;Motociclo a solo;In marcia / fermata / arresto;Conducente;M;Illeso;0;;Utilizzato;
2312067;4;16/03/2015 12:00;Strada Urbana;VIA OTTORINO GENTILONI;in corrispondenza;;del civico n.;24;;Veicolo in marcia contro veicoli in sosta;Rettilineo;Una carreggiata a senso unico di marcia;Bagnato (pioggia);Strada pavimentata dissestata;Verticale;Pioggia in atto;Scarso;Buona;Ore Diurne;0;0;0;1;12.52332;41.94996;-1;1;Autovettura privata;In marcia / fermata / arresto;Conducente;M;Illeso;0;;Non accertato;Inesploso
2312083;1;15/03/2015 14:30;Strada Urbana;PIAZZA UMBERTO I;all'intersezione semaforizzata con;PONTE UMBERTO I;PONTE UMBERTO I;;;Scontro frontale/laterale SX fra veicoli in marcia;Incrocio;Una carreggiata a senso unico di marcia;Bagnato (pioggia);Asfaltata;Verticale ed orizzontale;Pioggia in atto;Normale;Buona;Ore Diurne;0;0;0;3;12.47159;41.90218;-1;1;Autovettura privata;In marcia / fermata / arresto;Conducente;F;Illeso;0;;Non accertato;Esploso
2312083;1;15/03/2015 14:30;Strada Urbana;PIAZZA UMBERTO I;all'intersezione semaforizzata con;PONTE UMBERTO I;PONTE UMBERTO I;;;Scontro frontale/laterale SX fra veicoli in marcia;Incrocio;Una carreggiata a senso unico di marcia;Bagnato (pioggia);Asfaltata;Verticale ed orizzontale;Pioggia in atto;Normale;Buona;Ore Diurne;0;0;0;3;12.47159;41.90218;-1;1;Autovettura privata;In marcia / fermata / arresto;Passeggero;F;Illeso;0;;Non accertato;
2312083;1;15/03/2015 14:30;Strada Urbana;PIAZZA UMBERTO I;all'intersezione semaforizzata con;PONTE UMBERTO I;PONTE UMBERTO I;;;Scontro frontale/laterale SX fra veicoli in marcia;Incrocio;Una carreggiata a senso unico di marcia;Bagnato (pioggia);Asfaltata;Verticale ed orizzontale;Pioggia in atto;Normale;Buona;Ore Diurne;0;0;0;3;12.47159;41.90218;-1;2;Autovettura privata;In marcia / fermata / arresto;Conducente;F;Illeso;0;;Non accertato;Inesploso
2312090;23;16/03/2015 15:00;Strada Urbana;VIA DEL FORO ITALICO;da specificare;;;;svincolo tangenziale Stadio Olimpico;Veicolo in marcia contro ostacolo fisso;Curva senza visuale libera;Una carreggiata a senso unico di marcia;Bagnato (pioggia);Asfaltata;Verticale ed orizzontale;Pioggia in atto;Scarso;Buona;Ore Diurne;0;0;0;1;12.48216;41.94012;-1;1;Autovettura privata;In marcia / fermata / arresto;Conducente;M;Illeso;0;;Non accertato;Inesploso
2312098;7;16/03/2015 08:55;Strada Urbana;VIA PRENESTINA;in prossimità;;del civico n.;959;;Tamponamento Multiplo;Rettilineo;Una carreggiata a doppio senso;Bagnato (pioggia);Asfaltata;Orizzontale;Pioggia in atto;Intenso;Sufficiente;Ore Diurne;0;0;0;5;12.60213;41.89329;-1;1;Autovettura privata;In marcia / fermata / arresto;Conducente;M;Illeso;0;;Non accertato;Inesploso
2312098;7;16/03/2015 08:55;Strada Urbana;VIA PRENESTINA;in prossimità;;del civico n.;959;;Tamponamento Multiplo;Rettilineo;Una carreggiata a doppio senso;Bagnato (pioggia);Asfaltata;Orizzontale;Pioggia in atto;Intenso;Sufficiente;Ore Diurne;0;0;0;5;12.60213;41.89329;-1;2;Autovettura privata;In marcia / fermata / arresto;Conducente;M;Illeso;0;;Non accertato;Inesploso
2312098;7;16/03/2015 08:55;Strada Urbana;VIA PRENESTINA;in prossimità;;del civico n.;959;;Tamponamento Multiplo;Rettilineo;Una carreggiata a doppio senso;Bagnato (pioggia);Asfaltata;Orizzontale;Pioggia in atto;Intenso;Sufficiente;Ore Diurne;0;0;0;5;12.60213;41.89329;-1;2;Autovettura privata;In marcia / fermata / arresto;Passeggero;F;Illeso;0;;Non accertato;Inesploso
2312098;7;16/03/2015 08:55;Strada Urbana;VIA PRENESTINA;in prossimità;;del civico n.;959;;Tamponamento Multiplo;Rettilineo;Una carreggiata a doppio senso;Bagnato (pioggia);Asfaltata;Orizzontale;Pioggia in atto;Intenso;Sufficiente;Ore Diurne;0;0;0;5;12.60213;41.89329;-1;2;Autovettura privata;In marcia / fermata / arresto;Passeggero;M;Illeso;0;;Non accertato;Inesploso
2312098;7;16/03/2015 08:55;Strada Urbana;VIA PRENESTINA;in prossimità;;del civico n.;959;;Tamponamento Multiplo;Rettilineo;Una carreggiata a doppio senso;Bagnato (pioggia);Asfaltata;Orizzontale;Pioggia in atto;Intenso;Sufficiente;Ore Diurne;0;0;0;5;12.60213;41.89329;-1;3;Autovettura privata;In marcia / fermata / arresto;Conducente;F;Illeso;0;;Non accertato;Inesploso
2312109;17;16/03/2015 08:30;Strada Urbana;VIA VALADIER;all'intersezione con;VIA TACITO;VIA TACITO;;;Scontro frontale/laterale DX fra veicoli in marcia;Incrocio;Una carreggiata a senso unico di marcia;Bagnato (pioggia);Asfaltata;Verticale ed orizzontale;Pioggia in atto;Normale;Sufficiente;Ore Diurne;0;0;0;3;12.46753;41.90687;-1;1;Autovettura privata;In marcia / fermata / arresto;Conducente;M;Illeso;0;;Non accertato;
2312109;17;16/03/2015 08:30;Strada Urbana;VIA VALADIER;all'intersezione con;VIA TACITO;VIA TACITO;;;Scontro frontale/laterale DX fra veicoli in marcia;Incrocio;Una carreggiata a senso unico di marcia;Bagnato (pioggia);Asfaltata;Verticale ed orizzontale;Pioggia in atto;Normale;Sufficiente;Ore Diurne;0;0;0;3;12.46753;41.90687;-1;1;Autovettura privata;In marcia / fermata / arresto;Passeggero;F;Illeso;0;;Non accertato;
2312109;17;16/03/2015 08:30;Strada Urbana;VIA VALADIER;all'intersezione con;VIA TACITO;VIA TACITO;;;Scontro frontale/laterale DX fra veicoli in marcia;Incrocio;Una carreggiata a senso unico di marcia;Bagnato (pioggia);Asfaltata;Verticale ed orizzontale;Pioggia in atto;Normale;Sufficiente;Ore Diurne;0;0;0;3;12.46753;41.90687;-1;2;Autovettura privata;In marcia / fermata / arresto;Conducente;F;Illeso;0;;Non accertato;
2312116;8;15/03/2015 22:30;Strada Urbana;AUTOSTRADA PER NAPOLI;all'intersezione semaforizzata con;VIA DI PASSOLOMBARDO;VIA DI PASSOLOMBARDO;;;Veicolo in marcia contro veicolo arresto;Intersezione semaforizzata;Una carreggiata a senso unico di marcia;Asciutto;Asfaltata;Assente;Sereno;Intenso;Buona;Ore Diurne;0;0;0;2;12.63025;41.84331;-1;1;Autovettura privata;In marcia / fermata / arresto;Conducente;M;Illeso;0;;Non accertato;Inesploso
2312116;8;15/03/2015 22:30;Strada Urbana;AUTOSTRADA PER NAPOLI;all'intersezione semaforizzata con;VIA DI PASSOLOMBARDO;VIA DI PASSOLOMBARDO;;;Veicolo in marcia contro veicolo arresto;Intersezione semaforizzata;Una carreggiata a senso unico di marcia;Asciutto;Asfaltata;Assente;Sereno;Intenso;Buona;Ore Diurne;0;0;0;2;12.63025;41.84331;-1;2;Autovettura privata;In marcia / fermata / arresto;Conducente;F;Illeso;0;;Non accertato;Inesploso
2312117;10;17/03/2015 11:30;Strada Urbana;VIA DEL FOSSO DI S. ANDREA;in prossimità;;del civico n.;172;;Scontro laterale fra veicoli in marcia;Curva senza visuale libera;Una carreggiata a doppio senso;Bagnato (pioggia);Asfaltata;Assente;Pioggia in atto;Scarso;Buona;Ore Diurne;0;0;0;2;12.62495;41.81565;-1;1;Autovettura privata;In marcia / fermata / arresto;Conducente;M;Illeso;0;;Non accertato;Inesploso
2312117;10;17/03/2015 11:30;Strada Urbana;VIA DEL FOSSO DI S. ANDREA;in prossimità;;del civico n.;172;;Scontro laterale fra veicoli in marcia;Curva senza visuale libera;Una carreggiata a doppio senso;Bagnato (pioggia);Asfaltata;Assente;Pioggia in atto;Scarso;Buona;Ore Diurne;0;0;0;2;12.62495;41.81565;-1;2;Autovettura privata;In marcia / fermata / arresto;Conducente;M;Illeso;0;;Non accertato;Inesploso
2312130;1;16/03/2015 19:00;Strada Urbana;VIA DI PORTA MAGGIORE;in corrispondenza;;del civico n.;f.c. 16;;Investimento di pedone;Rettilineo;Una carreggiata a doppio senso;Bagnato (pioggia);In cubetti di porfido;Verticale ed orizzontale;Pioggia in atto;Scarso;Sufficiente;Sufficiente;2;0;0;1;12.51204;41.89233;-1;;;;Pedone;F;Rimandato;0;NON DECEDUTO;;
2312130;1;16/03/2015 19:00;Strada Urbana;VIA DI PORTA MAGGIORE;in corrispondenza;;del civico n.;f.c. 16;;Investimento di pedone;Rettilineo;Una carreggiata a doppio senso;Bagnato (pioggia);In cubetti di porfido;Verticale ed orizzontale;Pioggia in atto;Scarso;Sufficiente;Sufficiente;2;0;0;1;12.51204;41.89233;-1;;;;Pedone;M;Rimandato;0;NON DECEDUTO;;
2312130;1;16/03/2015 19:00;Strada Urbana;VIA DI PORTA MAGGIORE;in corrispondenza;;del civico n.;f.c. 16;;Investimento di pedone;Rettilineo;Una carreggiata a doppio senso;Bagnato (pioggia);In cubetti di porfido;Verticale ed orizzontale;Pioggia in atto;Scarso;Sufficiente;Sufficiente;2;0;0;1;12.51204;41.89233;-1;1;Autovettura privata;In marcia / fermata / arresto;Conducente;M;Illeso;0;;;
2312131;23;16/03/2015 15:10;Strada Urbana;PIAZZALE MARESCIALLO GIARDINO;all'intersezione semaforizzata con;LUNGOTEVERE DELLA VITTORIA;LUNGOTEVERE DELLA VITTORIA;;;Scontro laterale fra veicoli in marcia;Intersezione semaforizzata;Una carreggiata a senso unico di marcia;Bagnato (pioggia);Asfaltata;Verticale ed orizzontale;Pioggia in atto;Intenso;Sufficiente;Ore Diurne;0;0;0;2;12.45862;41.92404;-1;1;Autocarro inferiore 35 q.;In marcia / fermata / arresto;Conducente;M;Illeso;0;;Non accertato;Inesploso
2312131;23;16/03/2015 15:10;Strada Urbana;PIAZZALE MARESCIALLO GIARDINO;all'intersezione semaforizzata con;LUNGOTEVERE DELLA VITTORIA;LUNGOTEVERE DELLA VITTORIA;;;Scontro laterale fra veicoli in marcia;Intersezione semaforizzata;Una carreggiata a senso unico di marcia;Bagnato (pioggia);Asfaltata;Verticale ed orizzontale;Pioggia in atto;Intenso;Sufficiente;Ore Diurne;0;0;0;2;12.45862;41.92404;-1;2;Autovettura privata;In marcia / fermata / arresto;Conducente;F;Illeso;0;;Non accertato;Inesploso
2312139;23;15/03/2015 11:20;Strada Urbana;Tangenziale Est;da specificare;;;;rampa uscita stadio olimpico;Veicolo in marcia contro ostacolo fisso;Curva senza visuale libera;Una carreggiata a senso unico di marcia;Bagnato (pioggia);Asfaltata;Verticale ed orizzontale;Pioggia in atto;Scarso;Sufficiente;Ore Diurne;0;0;0;1;12.52823;41.91792;-1;1;Autovettura privata;In marcia / fermata / arresto;Conducente;F;Illeso;0;;Non accertato;Inesploso
2312141;1;15/03/2015 11:40;Strada Urbana;VIALE AVENTINO;all'intersezione semaforizzata con;PIAZZA DI PORTA CAPENA;PIAZZA DI PORTA CAPENA;;;Scontro laterale fra veicoli in marcia;Intersezione semaforizzata;Più di due carreggiate;Bagnato (pioggia);Asfaltata;Verticale ed orizzontale;Pioggia in atto;Normale;Buona;Ore Diurne;0;0;0;3;12.48711;41.88266;-1;1;Autovettura privata;In marcia / fermata / arresto;Conducente;M;Illeso;0;;Non accertato;
2312141;1;15/03/2015 11:40;Strada Urbana;VIALE AVENTINO;all'intersezione semaforizzata con;PIAZZA DI PORTA CAPENA;PIAZZA DI PORTA CAPENA;;;Scontro laterale fra veicoli in marcia;Intersezione semaforizzata;Più di due carreggiate;Bagnato (pioggia);Asfaltata;Verticale ed orizzontale;Pioggia in atto;Normale;Buona;Ore Diurne;0;0;0;3;12.48711;41.88266;-1;2;Ciclomotore con passeggero;In marcia / fermata / arresto;Conducente;M;Illeso;0;;Non accertato;
2312141;1;15/03/2015 11:40;Strada Urbana;VIALE AVENTINO;all'intersezione semaforizzata con;PIAZZA DI PORTA CAPENA;PIAZZA DI PORTA CAPENA;;;Scontro laterale fra veicoli in marcia;Intersezione semaforizzata;Più di due carreggiate;Bagnato (pioggia);Asfaltata;Verticale ed orizzontale;Pioggia in atto;Normale;Buona;Ore Diurne;0;0;0;3;12.48711;41.88266;-1;2;Ciclomotore con passeggero;In marcia / fermata / arresto;Passeggero;F;Illeso;0;;Non accertato;
2312149;23;16/03/2015 11:05;Strada Urbana;VIA CRISTOFORO COLOMBO;da specificare;;;;sottopasso Via Pontina;Veicolo in marcia contro ostacolo fisso;Curva senza visuale libera;Due carreggiate;Bagnato (pioggia);Asfaltata;Verticale ed orizzontale;Pioggia in atto;Normale;Sufficiente;Ore Diurne;1;0;0;0;12.43204;41.7931;-1;1;Autovettura privata;In marcia / fermata / arresto;Conducente;F;Rifiuta cure immediate;0;NON DECEDUTO;Non accertato;Inesploso
2312151;8;17/03/2015 11:45;Strada Urbana;VIALE OXFORD;da specificare;;;;inversione di marcia altezza camera mortuaria;Scontro frontale/laterale SX fra veicoli in marcia;Rettilineo;Due carreggiate;Bagnato (pioggia);Asfaltata;Verticale ed orizzontale;Nuvoloso;Normale;Buona;Ore Diurne;6;0;0;2;12.62746;41.8578;-1;1;Autocarro inferiore 35 q.;In marcia / fermata / arresto;Conducente;M;Illeso;0;;Non accertato;Inesploso
2312151;8;17/03/2015 11:45;Strada Urbana;VIALE OXFORD;da specificare;;;;inversione di marcia altezza camera mortuaria;Scontro frontale/laterale SX fra veicoli in marcia;Rettilineo;Due carreggiate;Bagnato (pioggia);Asfaltata;Verticale ed orizzontale;Nuvoloso;Normale;Buona;Ore Diurne;6;0;0;2;12.62746;41.8578;-1;2;Autobus di linea;In marcia / fermata / arresto;Conducente;M;Illeso;0;;Non accertato;Inesistente
2312151;8;17/03/2015 11:45;Strada Urbana;VIALE OXFORD;da specificare;;;;inversione di marcia altezza camera mortuaria;Scontro frontale/laterale SX fra veicoli in marcia;Rettilineo;Due carreggiate;Bagnato (pioggia);Asfaltata;Verticale ed orizzontale;Nuvoloso;Normale;Buona;Ore Diurne;6;0;0;2;12.62746;41.8578;-1;2;Autobus di linea;In marcia / fermata / arresto;Passeggero;F;Rimandato;0;NON DECEDUTO;Non accertato;Inesistente
2312151;8;17/03/2015 11:45;Strada Urbana;VIALE OXFORD;da specificare;;;;inversione di marcia altezza camera mortuaria;Scontro frontale/laterale SX fra veicoli in marcia;Rettilineo;Due carreggiate;Bagnato (pioggia);Asfaltata;Verticale ed orizzontale;Nuvoloso;Normale;Buona;Ore Diurne;6;0;0;2;12.62746;41.8578;-1;2;Autobus di linea;In marcia / fermata / arresto;Passeggero;F;Rimandato;0;NON DECEDUTO;Esente;Inesistente
2312151;8;17/03/2015 11:45;Strada Urbana;VIALE OXFORD;da specificare;;;;inversione di marcia altezza camera mortuaria;Scontro frontale/laterale SX fra veicoli in marcia;Rettilineo;Due carreggiate;Bagnato (pioggia);Asfaltata;Verticale ed orizzontale;Nuvoloso;Normale;Buona;Ore Diurne;6;0;0;2;12.62746;41.8578;-1;2;Autobus di linea;In marcia / fermata / arresto;Passeggero;F;Rimandato;0;NON DECEDUTO;Esente;Inesistente
2312151;8;17/03/2015 11:45;Strada Urbana;VIALE OXFORD;da specificare;;;;inversione di marcia altezza camera mortuaria;Scontro frontale/laterale SX fra veicoli in marcia;Rettilineo;Due carreggiate;Bagnato (pioggia);Asfaltata;Verticale ed orizzontale;Nuvoloso;Normale;Buona;Ore Diurne;6;0;0;2;12.62746;41.8578;-1;2;Autobus di linea;In marcia / fermata / arresto;Passeggero;F;Rimandato;0;NON DECEDUTO;Esente;Inesistente
2312151;8;17/03/2015 11:45;Strada Urbana;VIALE OXFORD;da specificare;;;;inversione di marcia altezza camera mortuaria;Scontro frontale/laterale SX fra veicoli in marcia;Rettilineo;Due carreggiate;Bagnato (pioggia);Asfaltata;Verticale ed orizzontale;Nuvoloso;Normale;Buona;Ore Diurne;6;0;0;2;12.62746;41.8578;-1;2;Autobus di linea;In marcia / fermata / arresto;Passeggero;F;Rimandato;0;NON DECEDUTO;Esente;Inesistente
2312151;8;17/03/2015 11:45;Strada Urbana;VIALE OXFORD;da specificare;;;;inversione di marcia altezza camera mortuaria;Scontro frontale/laterale SX fra veicoli in marcia;Rettilineo;Due carreggiate;Bagnato (pioggia);Asfaltata;Verticale ed orizzontale;Nuvoloso;Normale;Buona;Ore Diurne;6;0;0;2;12.62746;41.8578;-1;2;Autobus di linea;In marcia / fermata / arresto;Passeggero;F;Rimandato;0;NON DECEDUTO;Esente;Inesistente
2312189;17;16/03/2015 12:40;Strada Urbana;VIA ANDREA DORIA;in corrispondenza;;del civico n.;3;;Infortunio per sola frenata improvvisa;Rettilineo;Una carreggiata a doppio senso;Bagnato (pioggia);Asfaltata;Verticale ed orizzontale;Pioggia in atto;Normale;Buona;Ore Diurne;1;0;0;0;12.45385;41.91016;-1;1;Motociclo a solo;In marcia / fermata / arresto;Conducente;F;Rimandato;0;NON DECEDUTO;Non accertato;
2312204;18;15/03/2015 17:40;Statale;VIA AURELIA;in prossimità;;della chilometrica;10;;Veicolo in marcia contro ostacolo fisso;Rettilineo;Due carreggiate;Bagnato (pioggia);Asfaltata;Verticale ed orizzontale;Nuvoloso;Intenso;Buona;Sufficiente;0;0;0;3;12.39556;41.8842;-1;1;Autovettura privata;In marcia / fermata / arresto;Conducente;M;Illeso;0;;Non accertato;