Protocollo;Gruppo;DataOraIncidente;Localizzazione1;STRADA1;Localizzazione2;STRADA2;Strada02;Chilometrica;DaSpecificare;NaturaIncidente;particolaritastrade;TipoStrada;FondoStradale;Pavimentazione;Segnaletica;CondizioneAtmosferica;Traffico;Visibilita;Illuminazione;NUM_FERITI;NUM_RISERVATA;NUM_MORTI;NUM_ILLESI;Longitudine;Latitudine;Confermato;Progressivo;TipoVeicolo;StatoVeicolo;TipoPersona;Sesso;Tipolesione;Deceduto;DecedutoDopo;CinturaCascoUtilizzato;Airbag
2312495;1;16/03/2015 16:50;Strada Urbana;VIA MERULANA;in prossimità;;del civico n.;244;;Tamponamento;Rettilineo;Una carreggiata a doppio senso;Bagnato (pioggia);Asfaltata;Verticale ed orizzontale;Pioggia in atto;Intenso;Buona;Ore Diurne;2;0;0;0;12.49553;41.77901;-1;1;Autovettura privata;In marcia / fermata / arresto;Conducente;F;Rifiuta cure immediate;0;NON DECEDUTO;Non accertato;
2312495;1;16/03/2015 16:50;Strada Urbana;VIA MERULANA;in prossimità;;del civico n.;244;;Tamponamento;Rettilineo;Una carreggiata a doppio senso;Bagnato (pioggia);Asfaltata;Verticale ed orizzontale;Pioggia in atto;Intenso;Buona;Ore Diurne;2;0;0;0;12.49553;41.77901;-1;2;Autovettura privata;In marcia / fermata / arresto;Conducente;M;Rimandato;0;NON DECEDUTO;Non accertato;
2312498;15;17/03/2015 09:08;Strada Urbana;VIA ENRICO FERMI;all'intersezione con;VIA AVICENNA;VIA AVICENNA;;;Scontro frontale/laterale SX fra veicoli in marcia;Incrocio;Una carreggiata a doppio senso;Bagnato (pioggia);Asfaltata;Verticale ed orizzontale;Pioggia in atto;Normale;Buona;Ore Diurne;2;0;0;2;12.47169;41.86432;-1;1;Autovettura privata;In marcia / fermata / arresto;Conducente;F;Rimandato;0;NON DECEDUTO;;
2312498;15;17/03/2015 09:08;Strada Urbana;VIA ENRICO FERMI;all'intersezione con;VIA AVICENNA;VIA AVICENNA;;;Scontro frontale/laterale SX fra veicoli in marcia;Incrocio;Una carreggiata a doppio senso;Bagnato (pioggia);Asfaltata;Verticale ed orizzontale;Pioggia in atto;Normale;Buona;Ore Diurne;2;0;0;2;12.47169;41.86432;-1;1;Autovettura privata;In marcia / fermata / arresto;Passeggero;M;Rimandato;0;NON DECEDUTO;;
2312498;15;17/03/2015 09:08;Strada Urbana;VIA ENRICO FERMI;all'intersezione con;VIA AVICENNA;VIA AVICENNA;;;Scontro frontale/laterale SX fra veicoli in marcia;Incrocio;Una carreggiata a doppio senso;Bagnato (pioggia);Asfaltata;Verticale ed orizzontale;Pioggia in atto;Normale;Buona;Ore Diurne;2;0;0;2;12.47169;41.86432;-1;2;Autovettura privata;In marcia / fermata / arresto;Conducente;F;Illeso;0;;;
2312498;15;17/03/2015 09:08;Strada Urbana;VIA ENRICO FERMI;all'intersezione con;VIA AVICENNA;VIA AVICENNA;;;Scontro frontale/laterale SX fra veicoli in marcia;Incrocio;Una carreggiata a doppio senso;Bagnato (pioggia);Asfaltata;Verticale ed orizzontale;Pioggia in atto;Normale;Buona;Ore Diurne;2;0;0;2;12.47169;41.86432;-1;2;Autovettura privata;In marcia / fermata / arresto;Passeggero;F;Illeso;0;;;
2312508;15;17/03/2015 07:30;Comunale extraurbana;VIALE ISACCO NEWTON;da specificare;;;;rampa immissione da Via Portuense dir Via della Ma;Tamponamento;Rettilineo;Due carreggiate;Bagnato (pioggia);Asfaltata;Orizzontale;Pioggia in atto;Intenso;Buona;Ore Diurne;1;0;0;2;12.44065;41.85227;-1;1;Autovettura privata;In marcia / fermata / arresto;Conducente;M;Illeso;0;;Utilizzato;
2312508;15;17/03/2015 07:30;Comunale extraurbana;VIALE ISACCO NEWTON;da specificare;;;;rampa immissione da Via Portuense dir Via della Ma;Tamponamento;Rettilineo;Due carreggiate;Bagnato (pioggia);Asfaltata;Orizzontale;Pioggia in atto;Intenso;Buona;Ore Diurne;1;0;0;2;12.44065;41.85227;-1;2;Autovettura privata;In marcia / fermata / arresto;Conducente;F;Rimandato;0;NON DECEDUTO;Utilizzato;
2312508;15;17/03/2015 07:30;Comunale extraurbana;VIALE ISACCO NEWTON;da specificare;;;;rampa immissione da Via Portuense dir Via della Ma;Tamponamento;Rettilineo;Due carreggiate;Bagnato (pioggia);Asfaltata;Orizzontale;Pioggia in atto;Intenso;Buona;Ore Diurne;1;0;0;2;12.44065;41.85227;-1;2;Autovettura privata;In marcia / fermata / arresto;Passeggero;M;Illeso;0;;Non accertato;
2312516;1;16/03/2015 14:30;Strada Urbana;VIA DELL'AMBA ARADAM;in prossimità;;del civico n.;3;;Investimento di pedone;Rettilineo;Una carreggiata a doppio senso;Bagnato (pioggia);Asfaltata;Verticale ed orizzontale;Pioggia in atto;Intenso;Buona;Ore Diurne;2;0;0;0;12.5034;41.88596;-1;;;;Pedone;F;Rimandato;0;NON DECEDUTO;;
2312516;1;16/03/2015 14:30;Strada Urbana;VIA DELL'AMBA ARADAM;in prossimità;;del civico n.;3;;Investimento di pedone;Rettilineo;Una carreggiata a doppio senso;Bagnato (pioggia);Asfaltata;Verticale ed orizzontale;Pioggia in atto;Intenso;Buona;Ore Diurne;2;0;0;0;12.5034;41.88596;-1;1;Motociclo a solo;In marcia / fermata / arresto;Conducente;M;Rimandato;0;NON DECEDUTO;Non accertato;
2312519;11;17/03/2015 16:45;Strada Urbana;VIA CRISTOFORO COLOMBO;all'intersezione semaforizzata con;VIA LAURENTINA;VIA LAURENTINA;;;Tamponamento;Intersezione semaforizzata;Più di due carreggiate;Asciutto;Asfaltata;Verticale;Nuvoloso;Normale;Buona;Ore Diurne;0;0;0;2;12.47879;41.8459;-1;1;Autovettura privata;In marcia / fermata / arresto;Conducente;M;Illeso;0;;;
2312519;11;17/03/2015 16:45;Strada Urbana;VIA CRISTOFORO COLOMBO;all'intersezione semaforizzata con;VIA LAURENTINA;VIA LAURENTINA;;;Tamponamento;Intersezione semaforizzata;Più di due carreggiate;Asciutto;Asfaltata;Verticale;Nuvoloso;Normale;Buona;Ore Diurne;0;0;0;2;12.47879;41.8459;-1;1;Autovettura privata;In marcia / fermata / arresto;Passeggero;F;Illeso;0;;;
2312522;1;17/03/2015 15:20;Strada Urbana;VIALE CASTRO PRETORIO;all'intersezione semaforizzata con;VIA DEL CASTRO PRETORIO;VIA DEL CASTRO PRETORIO;;;Scontro laterale fra veicoli in marcia;Intersezione semaforizzata;Una carreggiata a doppio senso;Asciutto;Asfaltata;Verticale ed orizzontale;Nuvoloso;Normale;Buona;Ore Diurne;0;0;0;5;12.50563;41.90568;-1;1;Autovettura privata;In marcia / fermata / arresto;Conducente;F;Illeso;0;;Non accertato;Inesploso
2312522;1;17/03/2015 15:20;Strada Urbana;VIALE CASTRO PRETORIO;all'intersezione semaforizzata con;VIA DEL CASTRO PRETORIO;VIA DEL CASTRO PRETORIO;;;Scontro laterale fra veicoli in marcia;Intersezione semaforizzata;Una carreggiata a doppio senso;Asciutto;Asfaltata;Verticale ed orizzontale;Nuvoloso;Normale;Buona;Ore Diurne;0;0;0;5;12.50563;41.90568;-1;1;Autovettura privata;In marcia / fermata / arresto;Passeggero;F;Illeso;0;;Non accertato;Inesploso
2312522;1;17/03/2015 15:20;Strada Urbana;VIALE CASTRO PRETORIO;all'intersezione semaforizzata con;VIA DEL CASTRO PRETORIO;VIA DEL CASTRO PRETORIO;;;Scontro laterale fra veicoli in marcia;Intersezione semaforizzata;Una carreggiata a doppio senso;Asciutto;Asfaltata;Verticale ed orizzontale;Nuvoloso;Normale;Buona;Ore Diurne;0;0;0;5;12.50563;41.90568;-1;2;Altro;In marcia / fermata / arresto;Conducente;M;Illeso;0;;Non accertato;Inesploso
2312522;1;17/03/2015 15:20;Strada Urbana;VIALE CASTRO PRETORIO;all'intersezione semaforizzata con;VIA DEL CASTRO PRETORIO;VIA DEL CASTRO PRETORIO;;;Scontro laterale fra veicoli in marcia;Intersezione semaforizzata;Una carreggiata a doppio senso;Asciutto;Asfaltata;Verticale ed orizzontale;Nuvoloso;Normale;Buona;Ore Diurne;0;0;0;5;12.50563;41.90568;-1;2;Altro;In marcia / fermata / arresto;Passeggero;M;Illeso;0;;Non accertato;
2312522;1;17/03/2015 15:20;Strada Urbana;VIALE CASTRO PRETORIO;all'intersezione semaforizzata con;VIA DEL CASTRO PRETORIO;VIA DEL CASTRO PRETORIO;;;Scontro laterale fra veicoli in marcia;Intersezione semaforizzata;Una carreggiata a doppio senso;Asciutto;Asfaltata;Verticale ed orizzontale;Nuvoloso;Normale;Buona;Ore Diurne;0;0;0;5;12.50563;41.90568;-1;2;Altro;In marcia / fermata / arresto;Passeggero;M;Illeso;0;;Non accertato;
2312526;2;13/03/2015 00:10;Strada Urbana;VIA SALARIA;da specificare;;;;tra via Prato della Signora e Ponte dell'Aniene;Veicolo in marcia contro ostacolo accidentale;Rettilineo;Una carreggiata a senso unico di marcia;Asciutto;Con buche;Verticale;Sereno;Scarso;Sufficiente;Sufficiente;0;0;0;1;12.50998;41.93896;-1;1;Autovettura privata;In marcia / fermata / arresto;Conducente;F;Illeso;0;;Non accertato;Inesploso
2312529;20;16/03/2015 20:00;Strada Urbana;VIA FLAMINIA NUOVA;da specificare;;;;prossimità distributore Total Erg;Scontro frontale/laterale DX fra veicoli in marcia;Rettilineo;Una carreggiata a doppio senso;Bagnato (pioggia);Asfaltata;Orizzontale;Pioggia in atto;Normale;Buona;Sufficiente;0;0;0;4;12.4872;41.96095;-1;1;Autovettura di polizia;In marcia / fermata / arresto;Conducente;M;Illeso;0;;;
2312529;20;16/03/2015 20:00;Strada Urbana;VIA FLAMINIA NUOVA;da specificare;;;;prossimità distributore Total Erg;Scontro frontale/laterale DX fra veicoli in marcia;Rettilineo;Una carreggiata a doppio senso;Bagnato (pioggia);Asfaltata;Orizzontale;Pioggia in atto;Normale;Buona;Sufficiente;0;0;0;4;12.4872;41.96095;-1;1;Autovettura di polizia;In marcia / fermata / arresto;Passeggero;M;Illeso;0;;;
2312529;20;16/03/2015 20:00;Strada Urbana;VIA FLAMINIA NUOVA;da specificare;;;;prossimità distributore Total Erg;Scontro frontale/laterale DX fra veicoli in marcia;Rettilineo;Una carreggiata a doppio senso;Bagnato (pioggia);Asfaltata;Orizzontale;Pioggia in atto;Normale;Buona;Sufficiente;0;0;0;4;12.4872;41.96095;-1;2;Autovettura privata;In marcia / fermata / arresto;Conducente;M;Illeso;0;;Non accertato;Inesploso
2312529;20;16/03/2015 20:00;Strada Urbana;VIA FLAMINIA NUOVA;da specificare;;;;prossimità distributore Total Erg;Scontro frontale/laterale DX fra veicoli in marcia;Rettilineo;Una carreggiata a doppio senso;Bagnato (pioggia);Asfaltata;Orizzontale;Pioggia in atto;Normale;Buona;Sufficiente;0;0;0;4;12.4872;41.96095;-1;2;Autovettura privata;In marcia / fermata / arresto;Passeggero;M;Illeso;0;;Non accertato;Inesploso
2312532;1;17/03/2015 04:30;Strada Urbana;VIA DE' LORENESI;all'intersezione con;VIA DI S. MARIA DELL'ANIMA;VIA DI S. MARIA DELL'ANIMA;;;Scontro frontale/laterale SX fra veicoli in marcia;Incrocio;Una carreggiata a senso unico di marcia;Bagnato (pioggia);In cubetti di porfido;Verticale;Pioggia in atto;Scarso;Insufficiente;Sufficiente;0;0;0;3;12.47279;41.89985;-1;1;Autovettura privata;In marcia / fermata / arresto;Conducente;M;Illeso;0;;Non accertato;Inesploso
2312532;1;17/03/2015 04:30;Strada Urbana;VIA DE' LORENESI;all'intersezione con;VIA DI S. MARIA DELL'ANIMA;VIA DI S. MARIA DELL'ANIMA;;;Scontro frontale/laterale SX fra veicoli in marcia;Incrocio;Una carreggiata a senso unico di marcia;Bagnato (pioggia);In cubetti di porfido;Verticale;Pioggia in atto;Scarso;Insufficiente;Sufficiente;0;0;0;3;12.47279;41.89985;-1;2;Autovettura di polizia;In marcia / fermata / arresto;Conducente;M;Illeso;0;;Non accertato;Inesploso
2312532;1;17/03/2015 04:30;Strada Urbana;VIA DE' LORENESI;all'intersezione con;VIA DI S. MARIA DELL'ANIMA;VIA DI S. MARIA DELL'ANIMA;;;Scontro frontale/laterale SX fra veicoli in marcia;Incrocio;Una carreggiata a senso unico di marcia;Bagnato (pioggia);In cubetti di porfido;Verticale;Pioggia in atto;Scarso;Insufficiente;Sufficiente;0;0;0;3;12.47279;41.89985;-1;2;Autovettura di polizia;In marcia / fermata / arresto;Passeggero;M;Illeso;0;;Non accertato;Inesploso
2312543;18;16/03/2015 13:10;Strada Urbana;VIA DON CARLO GNOCCHI;all'intersezione con;VIA ANTONIO MAGAROTTO;VIA ANTONIO MAGAROTTO;;;Veicolo in marcia contro ostacolo accidentale;Intersezione stradale segnalata;Una carreggiata a doppio senso;Bagnato (pioggia);Asfaltata;Verticale ed orizzontale;Pioggia in atto;Normale;Buona;Ore Diurne;0;0;0;1;12.39504;41.91434;-1;1;Autobus urbano;In marcia / fermata / arresto;Conducente;M;Illeso;0;;Non accertato;Inesploso
2312548;1;17/03/2015 03:30;Strada Urbana;PASSEGGIATA DI RIPETTA;all'intersezione con;LUNGOTEVERE IN AUGUSTA;LUNGOTEVERE IN AUGUSTA;;;Veicolo in marcia contro ostacolo accidentale;Incrocio;Una carreggiata a senso unico di marcia;Bagnato (pioggia);Con buche;Assente;Pioggia in atto;Scarso;Sufficiente;Sufficiente;0;0;0;1;12.47513;41.90709;-1;1;Autovettura privata;In marcia / fermata / arresto;Conducente;M;Illeso;0;;Non accertato;
2312553;9;17/03/2015 13:00;Strada Urbana;VIA DEL MANDRIONE;da specificare;;;;in prossimità PALO A.C.E.A. n 31;Veicolo in marcia contro ostacolo accidentale;Rettilineo;Una carreggiata a doppio senso;Asciutto;Con buche;Verticale ed orizzontale;Nuvoloso;Normale;Buona;Ore Diurne;0;0;0;2;12.53729;41.87584;-1;1;Autovettura privata;In marcia / fermata / arresto;Conducente;M;Illeso;0;;Utilizzato;Inesploso
2312553;9;17/03/2015 13:00;Strada Urbana;VIA DEL MANDRIONE;da specificare;;;;in prossimità PALO A.C.E.A. n 31;Veicolo in marcia contro ostacolo accidentale;Rettilineo;Una carreggiata a doppio senso;Asciutto;Con buche;Verticale ed orizzontale;Nuvoloso;Normale;Buona;Ore Diurne;0;0;0;2;12.53729;41.87584;-1;1;Autovettura privata;In marcia / fermata / arresto;Passeggero;F;Illeso;0;;Utilizzato;Inesploso
2312561;1;17/03/2015 11:10;Strada Urbana;VIA MARIO DE FIORI;all'intersezione con;VIA BORGOGNONA;VIA BORGOGNONA;;;Scontro frontale/laterale DX fra veicoli in marcia;Incrocio;Una carreggiata a senso unico di marcia;Bagnato (pioggia);In cubetti di porfido;Verticale;Nuvoloso;Scarso;Buona;Ore Diurne;0;0;0;2;12.48169;41.90494;-1;1;Autovettura pubblica;In marcia / fermata / arresto;Conducente;M;Illeso;0;;Non accertato;Inesploso
2312561;1;17/03/2015 11:10;Strada Urbana;VIA MARIO DE FIORI;all'intersezione con;VIA BORGOGNONA;VIA BORGOGNONA;;;Scontro frontale/laterale DX fra veicoli in marcia;Incrocio;Una carreggiata a senso unico di marcia;Bagnato (pioggia);In cubetti di porfido;Verticale;Nuvoloso;Scarso;Buona;Ore Diurne;0;0;0;2;12.48169;41.90494;-1;2;Autocarro inferiore 35 q.;In marcia / fermata / arresto;Conducente;M;Illeso;0;;Non accertato;Inesploso
2312574;1;16/03/2015 19:00;Strada Urbana;PIAZZA DI PORTA PORTESE;in prossimità;;del palo luce n.;5;;Scontro frontale/laterale SX fra veicoli in marcia;Rettilineo;Una carreggiata a doppio senso;Bagnato (pioggia);In cubetti di porfido;Verticale ed orizzontale;Pioggia in atto;Normale;Sufficiente;Sufficiente;0;0;0;3;12.47422;41.88402;-1;1;Autovettura privata;In marcia / fermata / arresto;Conducente;M;Illeso;0;;;Inesploso
2312574;1;16/03/2015 19:00;Strada Urbana;PIAZZA DI PORTA PORTESE;in prossimità;;del palo luce n.;5;;Scontro frontale/laterale SX fra veicoli in marcia;Rettilineo;Una carreggiata a doppio senso;Bagnato (pioggia);In cubetti di porfido;Verticale ed orizzontale;Pioggia in atto;Normale;Sufficiente;Sufficiente;0;0;0;3;12.47422;41.88402;-1;1;Autovettura privata;In marcia / fermata / arresto;Passeggero;F;Illeso;0;;Non accertato;Inesploso
2312574;1;16/03/2015 19:00;Strada Urbana;PIAZZA DI PORTA PORTESE;in prossimità;;del palo luce n.;5;;Scontro frontale/laterale SX fra veicoli in marcia;Rettilineo;Una carreggiata a doppio senso;Bagnato (pioggia);In cubetti di porfido;Verticale ed orizzontale;Pioggia in atto;Normale;Sufficiente;Sufficiente;0;0;0;3;12.47422;41.88402;-1;2;Autovettura privata;In marcia / fermata / arresto;Conducente;M;Illeso;0;;;Inesploso
2312580;1;16/03/2015 17:45;Strada Urbana;PIAZZA DI PORTA CAPENA;da specificare;;;;in prossimità lato FAO;Scontro laterale fra veicoli in marcia;Rettilineo;Una carreggiata a doppio senso;Bagnato (pioggia);Asfaltata;Verticale ed orizzontale;Pioggia in atto;Scarso;Buona;Ore Diurne;0;0;0;2;12.48941;41.88473;-1;1;Motociclo a solo;In marcia / fermata / arresto;Conducente;M;Illeso;0;;Non accertato;
2312580;1;16/03/2015 17:45;Strada Urbana;PIAZZA DI PORTA CAPENA;da specificare;;;;in prossimità lato FAO;Scontro laterale fra veicoli in marcia;Rettilineo;Una carreggiata a doppio senso;Bagnato (pioggia);Asfaltata;Verticale ed orizzontale;Pioggia in atto;Scarso;Buona;Ore Diurne;0;0;0;2;12.48941;41.88473;-1;2;Autovettura privata;In marcia / fermata / arresto;Conducente;F;Illeso;0;;Non accertato;Inesploso
2312585;18;16/03/2015 13:20;Strada Urbana;VIA DON CARLO GNOCCHI;all'intersezione con;VIA ANTONIO MAGAROTTO;VIA ANTONIO MAGAROTTO;;;Veicolo in marcia contro ostacolo accidentale;Intersezione stradale segnalata;Una carreggiata a doppio senso;Bagnato (pioggia);Asfaltata;Verticale ed orizzontale;Pioggia in atto;Scarso;Buona;Ore Diurne;0;0;0;1;12.39515;41.91439;-1;1;Autobus di linea;In marcia / fermata / arresto;Conducente;M;Illeso;0;;Utilizzato;Inesploso
2312587;1;17/03/2015 09:20;Strada Urbana;VIA DI MONTE TESTACCIO;in prossimità;;del civico n.;52/C;;Investimento di pedone;Rettilineo;Una carreggiata a senso unico di marcia;Bagnato (pioggia);Asfaltata;Verticale ed orizzontale;Pioggia in atto;Scarso;Buona;Ore Diurne;1;0;0;1;12.47488;41.87515;-1;;;;Pedone;M;Rimandato;0;NON DECEDUTO;;
2312587;1;17/03/2015 09:20;Strada Urbana;VIA DI MONTE TESTACCIO;in prossimità;;del civico n.;52/C;;Investimento di pedone;Rettilineo;Una carreggiata a senso unico di marcia;Bagnato (pioggia);Asfaltata;Verticale ed orizzontale;Pioggia in atto;Scarso;Buona;Ore Diurne;1;0;0;1;12.47488;41.87515;-1;1;Autovettura privata;In marcia / fermata / arresto;Conducente;M;Illeso;0;;Non accertato;
2312589;16;16/03/2015 08:50;Strada Urbana;VIA DI BRAVETTA;in prossimità;;del civico n.;545;;Scontro frontale/laterale DX fra veicoli in marcia;Rettilineo;Una carreggiata a doppio senso;Bagnato (pioggia);Asfaltata;Verticale ed orizzontale;Pioggia in atto;Normale;Buona;Ore Diurne;1;0;0;1;12.42262;41.87291;-1;1;Autovettura privata;In marcia / fermata / arresto;Conducente;M;Illeso;0;;Non accertato;Inesploso
2312589;16;16/03/2015 08:50;Strada Urbana;VIA DI BRAVETTA;in prossimità;;del civico n.;545;;Scontro frontale/laterale DX fra veicoli in marcia;Rettilineo;Una carreggiata a doppio senso;Bagnato (pioggia);Asfaltata;Verticale ed orizzontale;Pioggia in atto;Normale;Buona;Ore Diurne;1;0;0;1;12.42262;41.87291;-1;2;Motociclo a solo;In marcia / fermata / arresto;Conducente;F;Rimandato;0;NON DECEDUTO;Non accertato;
2312594;1;17/03/2015 09:15;Strada Urbana;VIA DI PORTA MAGGIORE;in prossimità;;del civico n.;73;;Scontro laterale fra veicoli in marcia;Rettilineo;Più di due carreggiate;Bagnato (pioggia);Asfaltata;Verticale ed orizzontale;Pioggia in atto;Normale;Sufficiente;Ore Diurne;0;0;0;2;12.51269;41.89241;-1;1;Autovettura privata;In marcia / fermata / arresto;Conducente;M;Illeso;0;;;
2312594;1;17/03/2015 09:15;Strada Urbana;VIA DI PORTA MAGGIORE;in prossimità;;del civico n.;73;;Scontro laterale fra veicoli in marcia;Rettilineo;Più di due carreggiate;Bagnato (pioggia);Asfaltata;Verticale ed orizzontale;Pioggia in atto;Normale;Sufficiente;Ore Diurne;0;0;0;2;12.51269;41.89241;-1;2;Motociclo a solo;In marcia / fermata / arresto;Conducente;M;Illeso;0;;;
2312597;6;17/03/2015 18:00;Strada Urbana;VIA CASILINA;in prossimità;;del civico n.;202;;Tamponamento Multiplo;Rettilineo;Due carreggiate;Asciutto;Asfaltata;Verticale ed orizzontale;Sereno;Normale;Buona;Ore Diurne;2;0;0;3;12.53245;41.88324;-1;1;Autovettura privata;In marcia / fermata / arresto;Conducente;M;Illeso;0;;Non accertato;Inesploso
2312597;6;17/03/2015 18:00;Strada Urbana;VIA CASILINA;in prossimità;;del civico n.;202;;Tamponamento Multiplo;Rettilineo;Due carreggiate;Asciutto;Asfaltata;Verticale ed orizzontale;Sereno;Normale;Buona;Ore Diurne;2;0;0;3;12.53245;41.88324;-1;2;Autovettura privata;In marcia / fermata / arresto;Conducente;M;Illeso;0;;Non accertato;Inesploso
2312597;6;17/03/2015 18:00;Strada Urbana;VIA CASILINA;in prossimità;;del civico n.;202;;Tamponamento Multiplo;Rettilineo;Due carreggiate;Asciutto;Asfaltata;Verticale ed orizzontale;Sereno;Normale;Buona;Ore Diurne;2;0;0;3;12.53245;41.88324;-1;3;Autovettura privata;In marcia / fermata / arresto;Conducente;F;Rimandato;0;NON DECEDUTO;Non accertato;Inesploso
2312597;6;17/03/2015 18:00;Strada Urbana;VIA CASILINA;in prossimità;;del civico n.;202;;Tamponamento Multiplo;Rettilineo;Due carreggiate;Asciutto;Asfaltata;Verticale ed orizzontale;Sereno;Normale;Buona;Ore Diurne;2;0;0;3;12.53245;41.88324;-1;4;Autovettura privata;In marcia / fermata / arresto;Conducente;M;Illeso;0;;Non accertato;Inesploso
2312597;6;17/03/2015 18:00;Strada Urbana;VIA CASILINA;in prossimità;;del civico n.;202;;Tamponamento Multiplo;Rettilineo;Due carreggiate;Asciutto;Asfaltata;Verticale ed orizzontale;Sereno;Normale;Buona;Ore Diurne;2;0;0;3;12.53245;41.88324;-1;4;Autovettura privata;In marcia / fermata / arresto;Passeggero;M;Rifiuta cure immediate;0;NON DECEDUTO;Non accertato;Inesploso
2312603;1;17/03/2015 10:30;Strada Urbana;VIA CARLO ALBERTO;all'intersezione con;VIA DI S. VITO;VIA DI S. VITO;;;Scontro frontale/laterale SX fra veicoli in marcia;Incrocio;Una carreggiata a senso unico di marcia;Bagnato (pioggia);In cubetti di porfido;Verticale ed orizzontale;Pioggia in atto;Normale;Buona;Ore Diurne;0;0;0;2;12.50127;41.89626;-1;1;Autocarro inferiore 35 q.;In marcia / fermata / arresto;Conducente;M;Illeso;0;;;
2312603;1;17/03/2015 10:30;Strada Urbana;VIA CARLO ALBERTO;all'intersezione con;VIA DI S. VITO;VIA DI S. VITO;;;Scontro frontale/laterale SX fra veicoli in marcia;Incrocio;Una carreggiata a senso unico di marcia;Bagnato (pioggia);In cubetti di porfido;Verticale ed orizzontale;Pioggia in atto;Normale;Buona;Ore Diurne;0;0;0;2;12.50127;41.89626;-1;2;Autovettura privata;In marcia / fermata / arresto;Conducente;F;Illeso;0;;;
2312619;23;15/03/2015 00:30;Strada Urbana;VIA DI ACILIA;all'intersezione con;VIA COSTANTINO BESCHI;VIA COSTANTINO BESCHI;;;Scontro laterale fra veicoli in marcia;Intersezione stradale segnalata;Due carreggiate;Asciutto;Asfaltata;Verticale ed orizzontale;Sereno;Scarso;Sufficiente;Sufficiente;2;0;0;4;12.37135;41.77376;-1;1;Autovettura privata;In marcia / fermata / arresto;Conducente;F;Illeso;0;;Utilizzato;Esploso
2312619;23;15/03/2015 00:30;Strada Urbana;VIA DI ACILIA;all'intersezione con;VIA COSTANTINO BESCHI;VIA COSTANTINO BESCHI;;;Scontro laterale fra veicoli in marcia;Intersezione stradale segnalata;Due carreggiate;Asciutto;Asfaltata;Verticale ed orizzontale;Sereno;Scarso;Sufficiente;Sufficiente;2;0;0;4;12.37135;41.77376;-1;1;Autovettura privata;In marcia / fermata / arresto;Passeggero;F;Illeso;0;;Non accertato;Inesploso
2312619;23;15/03/2015 00:30;Strada Urbana;VIA DI ACILIA;all'intersezione con;VIA COSTANTINO BESCHI;VIA COSTANTINO BESCHI;;;Scontro laterale fra veicoli in marcia;Intersezione stradale segnalata;Due carreggiate;Asciutto;Asfaltata;Verticale ed orizzontale;Sereno;Scarso;Sufficiente;Sufficiente;2;0;0;4;12.37135;41.77376;-1;1;Autovettura privata;In marcia / fermata / arresto;Passeggero;M;Illeso;0;;Non accertato;Inesploso
2312619;23;15/03/2015 00:30;Strada Urbana;VIA DI ACILIA;all'intersezione con;VIA COSTANTINO BESCHI;VIA COSTANTINO BESCHI;;;Scontro laterale fra veicoli in marcia;Intersezione stradale segnalata;Due carreggiate;Asciutto;Asfaltata;Verticale ed orizzontale;Sereno;Scarso;Sufficiente;Sufficiente;2;0;0;4;12.37135;41.77376;-1;1;Autovettura privata;In marcia / fermata / arresto;Passeggero;M;Rimandato;0;NON DECEDUTO;Non accertato;Esploso
2312619;23;15/03/2015 00:30;Strada Urbana;VIA DI ACILIA;all'intersezione con;VIA COSTANTINO BESCHI;VIA COSTANTINO BESCHI;;;Scontro laterale fra veicoli in marcia;Intersezione stradale segnalata;Due carreggiate;Asciutto;Asfaltata;Verticale ed orizzontale;Sereno;Scarso;Sufficiente;Sufficiente;2;0;0;4;12.37135;41.77376;-1;2;Autovettura privata;In marcia / fermata / arresto;Conducente;M;Illeso;0;;Utilizzato;Inesploso
2312622;1;17/03/2015 07:40;Strada Urbana;VIA EMANUELE FILIBERTO;in corrispondenza;;del civico n.;178/A;;Scontro frontale/laterale SX fra veicoli in marcia;Rettilineo;Una carreggiata a doppio senso;Bagnato (pioggia);Asfaltata;Verticale ed orizzontale;Pioggia in atto;Intenso;Buona;Ore Diurne;0;0;0;2;12.50685;41.89009;-1;1;Autovettura privata;In marcia / fermata / arresto;Conducente;F;Illeso;0;;Non accertato;
2312622;1;17/03/2015 07:40;Strada Urbana;VIA EMANUELE FILIBERTO;in corrispondenza;;del civico n.;178/A;;Scontro frontale/laterale SX fra veicoli in marcia;Rettilineo;Una carreggiata a doppio senso;Bagnato (pioggia);Asfaltata;Verticale ed orizzontale;Pioggia in atto;Intenso;Buona;Ore Diurne;0;0;0;2;12.50685;41.89009;-1;2;Autocarro inferiore 35 q.;In marcia / fermata / arresto;Conducente;M;Illeso;0;;Non accertato;
2312630;16;16/03/2015 17:25;Strada Urbana;VIA ILDEBRANDO DELLA GIOVANNA;in prossimità;;del civico n.;69;;Scontro frontale fra veicoli in marcia;Rettilineo;Una carreggiata a doppio senso;Bagnato (pioggia);Asfaltata;Verticale ed orizzontale;Pioggia in atto;Normale;Sufficiente;Ore Diurne;0;0;0;3;12.34582;41.87861;-1;1;Autovettura privata;In marcia / fermata / arresto;Conducente;M;Illeso;0;;;