Protocollo;Gruppo;DataOraIncidente;Localizzazione1;STRADA1;Localizzazione2;STRADA2;Strada02;Chilometrica;DaSpecificare;NaturaIncidente;particolaritastrade;TipoStrada;FondoStradale;Pavimentazione;Segnaletica;CondizioneAtmosferica;Traffico;Visibilita;Illuminazione;NUM_FERITI;NUM_RISERVATA;NUM_MORTI;NUM_ILLESI;Longitudine;Latitudine;Confermato;Progressivo;TipoVeicolo;StatoVeicolo;TipoPersona;Sesso;Tipolesione;Deceduto;DecedutoDopo;CinturaCascoUtilizzato;Airbag
2314170;7;18/03/2015 09:30;Strada Urbana;VIA PRENESTINA;all'intersezione con;VIA DI TOR TRE TESTE;VIA DI TOR TRE TESTE;;;Scontro laterale fra veicoli in marcia;Incrocio;Una carreggiata a doppio senso;Asciutto;Asfaltata;Verticale ed orizzontale;Sereno;Normale;Buona;Ore Diurne;0;0;0;2;12.59115;41.89408;-1;1;Autovettura privata;In marcia / fermata / arresto;Conducente;M;Illeso;0;;Non accertato;Inesploso
2314170;7;18/03/2015 09:30;Strada Urbana;VIA PRENESTINA;all'intersezione con;VIA DI TOR TRE TESTE;VIA DI TOR TRE TESTE;;;Scontro laterale fra veicoli in marcia;Incrocio;Una carreggiata a doppio senso;Asciutto;Asfaltata;Verticale ed orizzontale;Sereno;Normale;Buona;Ore Diurne;0;0;0;2;12.59115;41.89408;-1;2;Autovettura privata;In marcia / fermata / arresto;Conducente;M;Illeso;0;;Non accertato;Inesploso
2314172;20;18/03/2015 18:10;Strada Urbana;VIALE DI TOR DI QUINTO;in prossimità;;del civico n.;37;;Scontro laterale fra veicoli in marcia;Rettilineo;Una carreggiata a doppio senso;Asciutto;Asfaltata;Orizzontale;Sereno;Normale;Buona;Ore Diurne;0;0;0;4;12.47309;41.93745;-1;1;Autovettura privata;In marcia / fermata / arresto;Conducente;M;Illeso;0;;Non accertato;Inesploso
2314172;20;18/03/2015 18:10;Strada Urbana;VIALE DI TOR DI QUINTO;in prossimità;;del civico n.;37;;Scontro laterale fra veicoli in marcia;Rettilineo;Una carreggiata a doppio senso;Asciutto;Asfaltata;Orizzontale;Sereno;Normale;Buona;Ore Diurne;0;0;0;4;12.47309;41.93745;-1;2;Autovettura privata;In marcia / fermata / arresto;Conducente;M;Illeso;0;;Non accertato;
2314172;20;18/03/2015 18:10;Strada Urbana;VIALE DI TOR DI QUINTO;in prossimità;;del civico n.;37;;Scontro laterale fra veicoli in marcia;Rettilineo;Una carreggiata a doppio senso;Asciutto;Asfaltata;Orizzontale;Sereno;Normale;Buona;Ore Diurne;0;0;0;4;12.47309;41.93745;-1;2;Autovettura privata;In marcia / fermata / arresto;Passeggero;F;Illeso;0;;Non accertato;Inesistente
2314172;20;18/03/2015 18:10;Strada Urbana;VIALE DI TOR DI QUINTO;in prossimità;;del civico n.;37;;Scontro laterale fra veicoli in marcia;Rettilineo;Una carreggiata a doppio senso;Asciutto;Asfaltata;Orizzontale;Sereno;Normale;Buona;Ore Diurne;0;0;0;4;12.47309;41.93745;-1;2;Autovettura privata;In marcia / fermata / arresto;Passeggero;F;Illeso;0;;Non accertato;Inesploso
2314174;13;18/03/2015 14:20;Strada Urbana;VIA TANCREDI CHIARALUCE;da specificare;;;;150 metri dopo il depuratore;Veicolo in marcia contro ostacolo accidentale;Curva senza visuale libera;Una carreggiata a doppio senso;Asciutto;Con buche;Orizzontale;Sereno;Normale;Buona;Ore Diurne;0;0;0;2;12.26895;41.74647;-1;1;Autovettura privata;In marcia / fermata / arresto;Conducente;F;Illeso;0;;;
2314174;13;18/03/2015 14:20;Strada Urbana;VIA TANCREDI CHIARALUCE;da specificare;;;;150 metri dopo il depuratore;Veicolo in marcia contro ostacolo accidentale;Curva senza visuale libera;Una carreggiata a doppio senso;Asciutto;Con buche;Orizzontale;Sereno;Normale;Buona;Ore Diurne;0;0;0;2;12.26895;41.74647;-1;1;Autovettura privata;In marcia / fermata / arresto;Passeggero;F;Illeso;0;;;
2314178;13;18/03/2015 16:35;Strada Urbana;VIALE DEI ROMAGNOLI;da specificare;;;;pressi rampa di immissione viadotto z. nuttal;Veicolo in marcia contro ostacolo accidentale;Rettilineo;Una carreggiata a doppio senso;Asciutto;Asfaltata;Verticale ed orizzontale;Sereno;Normale;Buona;Ore Diurne;0;0;0;2;12.32203;41.76901;-1;1;Autovettura privata;In marcia / fermata / arresto;Conducente;M;Illeso;0;;Non accertato;Inesploso
2314178;13;18/03/2015 16:35;Strada Urbana;VIALE DEI ROMAGNOLI;da specificare;;;;pressi rampa di immissione viadotto z. nuttal;Veicolo in marcia contro ostacolo accidentale;Rettilineo;Una carreggiata a doppio senso;Asciutto;Asfaltata;Verticale ed orizzontale;Sereno;Normale;Buona;Ore Diurne;0;0;0;2;12.32203;41.76901;-1;1;Autovettura privata;In marcia / fermata / arresto;Passeggero;F;Illeso;0;;Non accertato;Inesploso
2314179;20;18/03/2015 10:00;Strada Urbana;VIALE PAOLO BOSELLI;da specificare;;;;in prossimità di Piazzale della Farnesina;Veicolo in marcia contro ostacolo accidentale;Rettilineo;Due carreggiate;Asciutto;Strada pavimentata dissestata;Assente;Sereno;Scarso;Buona;Ore Diurne;1;0;0;0;12.45835;41.93468;-1;1;Motociclo a solo;In marcia / fermata / arresto;Conducente;M;Rimandato;0;NON DECEDUTO;;
2314184;1;19/03/2015 08:10;Strada Urbana;PIAZZA DI PORTA MAGGIORE;in prossimità;;del civico n.;22;;Investimento di pedone;Curva senza visuale libera;Una carreggiata a senso unico di marcia;Asciutto;Asfaltata;Orizzontale;Sereno;Intenso;Buona;Ore Diurne;1;0;0;1;12.51389;41.89145;-1;;;;Pedone;M;Illeso;0;;;
2314184;1;19/03/2015 08:10;Strada Urbana;PIAZZA DI PORTA MAGGIORE;in prossimità;;del civico n.;22;;Investimento di pedone;Curva senza visuale libera;Una carreggiata a senso unico di marcia;Asciutto;Asfaltata;Orizzontale;Sereno;Intenso;Buona;Ore Diurne;1;0;0;1;12.51389;41.89145;-1;1;Motociclo a solo;In marcia / fermata / arresto;Conducente;M;Rifiuta cure immediate;0;NON DECEDUTO;Non accertato;
2314187;13;18/03/2015 16:30;Strada Urbana;VIA TANCREDI CHIARALUCE;da specificare;;;;150 m dopo il depuratore;Veicolo in marcia contro ostacolo accidentale;Curva senza visuale libera;Una carreggiata a doppio senso;Asciutto;Con buche;Assente;Sereno;Normale;Buona;Ore Diurne;0;0;0;2;12.26895;41.74647;-1;1;Autovettura privata;In marcia / fermata / arresto;Conducente;M;Illeso;0;;Non accertato;Inesploso
2314187;13;18/03/2015 16:30;Strada Urbana;VIA TANCREDI CHIARALUCE;da specificare;;;;150 m dopo il depuratore;Veicolo in marcia contro ostacolo accidentale;Curva senza visuale libera;Una carreggiata a doppio senso;Asciutto;Con buche;Assente;Sereno;Normale;Buona;Ore Diurne;0;0;0;2;12.26895;41.74647;-1;1;Autovettura privata;In marcia / fermata / arresto;Passeggero;F;Illeso;0;;Non accertato;Inesploso
2314190;13;18/03/2015 14:15;Strada Urbana;VIA DEI TRAGHETTI;da specificare;;;;all'altezza di via delle Baleari;Veicolo in marcia contro veicolo arresto;Rettilineo;Una carreggiata a senso unico di marcia;Asciutto;Asfaltata;Verticale ed orizzontale;Sereno;Scarso;Buona;Ore Diurne;0;0;0;3;12.27718;41.73648;-1;1;Autovettura privata;In marcia / fermata / arresto;Passeggero;F;Illeso;0;;Non accertato;Inesploso
2314190;13;18/03/2015 14:15;Strada Urbana;VIA DEI TRAGHETTI;da specificare;;;;all'altezza di via delle Baleari;Veicolo in marcia contro veicolo arresto;Rettilineo;Una carreggiata a senso unico di marcia;Asciutto;Asfaltata;Verticale ed orizzontale;Sereno;Scarso;Buona;Ore Diurne;0;0;0;3;12.27718;41.73648;-1;1;Autovettura privata;In marcia / fermata / arresto;Conducente;M;Illeso;0;;Non accertato;Inesploso
2314190;13;18/03/2015 14:15;Strada Urbana;VIA DEI TRAGHETTI;da specificare;;;;all'altezza di via delle Baleari;Veicolo in marcia contro veicolo arresto;Rettilineo;Una carreggiata a senso unico di marcia;Asciutto;Asfaltata;Verticale ed orizzontale;Sereno;Scarso;Buona;Ore Diurne;0;0;0;3;12.27718;41.73648;-1;2;Autovettura privata;In marcia / fermata / arresto;Conducente;M;Illeso;0;;Non accertato;Inesploso
2314192;13;18/03/2015 10:00;Strada Urbana;VIA DI DRAGONE;in corrispondenza;;del civico n.;155;;Veicolo in marcia contro ostacolo accidentale;Rettilineo;Una carreggiata a doppio senso;Asciutto;Con buche;Assente;Sereno;Normale;Buona;Ore Diurne;0;0;0;1;12.33595;41.77897;-1;1;Motociclo con passeggero;In marcia / fermata / arresto;Conducente;M;Illeso;0;;Utilizzato;
2314194;4;18/03/2015 18:45;Strada Urbana;VIA VIRGILIO TALLI;da specificare;;;;prossimità via bettini;Veicolo in marcia contro ostacolo accidentale;Cunetta;Due carreggiate;Asciutto;Asfaltata;Verticale ed orizzontale;Sereno;Normale;Sufficiente;Sufficiente;1;0;0;0;12.52311;41.96455;-1;1;Motociclo a solo;In marcia / fermata / arresto;Conducente;M;Rifiuta cure immediate;0;NON DECEDUTO;Non accertato;
2314195;13;18/03/2015 12:45;Strada Urbana;VIA TANCREDI CHIARALUCE;da specificare;;;;400 metri prima t. boacciana;Veicolo in marcia contro ostacolo accidentale;Rettilineo;Una carreggiata a doppio senso;Asciutto;Con buche;Verticale ed orizzontale;Sereno;Normale;Buona;Ore Diurne;0;0;0;1;12.26895;41.74647;-1;1;Autovettura privata;In marcia / fermata / arresto;Conducente;M;Illeso;0;;Non accertato;Inesploso
2314196;13;18/03/2015 12:30;Strada Urbana;VIA DEI VELIERI;da specificare;;;;fronte civico 80;Veicolo in marcia contro veicolo in sosta;Rettilineo;Due carreggiate;Asciutto;Asfaltata;Verticale ed orizzontale;Sereno;Scarso;Buona;Ore Diurne;0;0;0;1;12.27552;41.73638;-1;2;Autovettura privata;In marcia / fermata / arresto;Conducente;M;Illeso;0;;;
2314200;13;18/03/2015 12:05;Strada Urbana;VIA ANDREOTTO SARACINI;in corrispondenza;;del civico n.;8;;Veicolo in marcia contro ostacolo accidentale;Rettilineo;Una carreggiata a senso unico di marcia;Asciutto;Asfaltata;Assente;Sereno;Normale;Buona;Ore Diurne;0;0;0;2;12.27817;41.73266;-1;1;Autovettura privata;In marcia / fermata / arresto;Conducente;M;Illeso;0;;Non accertato;Inesploso
2314200;13;18/03/2015 12:05;Strada Urbana;VIA ANDREOTTO SARACINI;in corrispondenza;;del civico n.;8;;Veicolo in marcia contro ostacolo accidentale;Rettilineo;Una carreggiata a senso unico di marcia;Asciutto;Asfaltata;Assente;Sereno;Normale;Buona;Ore Diurne;0;0;0;2;12.27817;41.73266;-1;1;Autovettura privata;In marcia / fermata / arresto;Passeggero;M;Illeso;0;;Non accertato;Inesploso
2314201;4;18/03/2015 17:00;Strada Urbana;VIA MONTE CALVO;da specificare;;;;prossimità VIA MONTE MASSICO;Scontro frontale/laterale SX fra veicoli in marcia;Rettilineo;Una carreggiata a senso unico di marcia;Asciutto;Asfaltata;Verticale ed orizzontale;Sereno;Normale;Buona;Ore Diurne;0;0;0;2;12.53399;41.9508;-1;1;Autovettura privata;In marcia / fermata / arresto;Conducente;M;Illeso;0;;Non accertato;Inesistente
2314201;4;18/03/2015 17:00;Strada Urbana;VIA MONTE CALVO;da specificare;;;;prossimità VIA MONTE MASSICO;Scontro frontale/laterale SX fra veicoli in marcia;Rettilineo;Una carreggiata a senso unico di marcia;Asciutto;Asfaltata;Verticale ed orizzontale;Sereno;Normale;Buona;Ore Diurne;0;0;0;2;12.53399;41.9508;-1;2;Autocarro inferiore 35 q.;In marcia / fermata / arresto;Conducente;M;Illeso;0;;Non accertato;Inesploso
2314203;4;18/03/2015 07:15;Provinciale entro l'abitato;VIA NOMENTANA NUOVA;da specificare;;;;altezza via valsolda;Infortunio per sola frenata improvvisa;Rettilineo;Una carreggiata a doppio senso;Asciutto;Asfaltata;Verticale ed orizzontale;Sereno;Normale;Buona;Ore Diurne;0;0;0;1;12.53107;41.93435;-1;1;Motociclo a solo;In marcia / fermata / arresto;Conducente;M;Illeso;0;;Non accertato;
2314206;4;18/03/2015 08:50;Strada Urbana;VIA RADICOFANI;in prossimità;;del civico n.;226;;Investimento di pedone;Rettilineo;Una carreggiata a doppio senso;Asciutto;Asfaltata;Verticale ed orizzontale;Sereno;Normale;Buona;Ore Diurne;1;0;0;1;12.51555;41.97245;-1;;;;Pedone;M;Rimandato;0;NON DECEDUTO;;
2314206;4;18/03/2015 08:50;Strada Urbana;VIA RADICOFANI;in prossimità;;del civico n.;226;;Investimento di pedone;Rettilineo;Una carreggiata a doppio senso;Asciutto;Asfaltata;Verticale ed orizzontale;Sereno;Normale;Buona;Ore Diurne;1;0;0;1;12.51555;41.97245;-1;1;Autovettura privata;In marcia / fermata / arresto;Conducente;M;Illeso;0;;Non accertato;Inesploso
2314218;23;17/03/2015 09:10;Strada Urbana;VIA CRISTOFORO COLOMBO;in prossimità;;della chilometrica;16.9;;Tamponamento Multiplo;Rettilineo;Due carreggiate;Bagnato (pioggia);Asfaltata;Verticale ed orizzontale;Pioggia in atto;Intenso;Buona;Ore Diurne;3;0;0;1;12.43128;41.79276;-1;1;Autovettura privata;In marcia / fermata / arresto;Conducente;F;Rimandato;0;NON DECEDUTO;Utilizzato;Esploso
2314218;23;17/03/2015 09:10;Strada Urbana;VIA CRISTOFORO COLOMBO;in prossimità;;della chilometrica;16.9;;Tamponamento Multiplo;Rettilineo;Due carreggiate;Bagnato (pioggia);Asfaltata;Verticale ed orizzontale;Pioggia in atto;Intenso;Buona;Ore Diurne;3;0;0;1;12.43128;41.79276;-1;2;Autovettura privata;In marcia / fermata / arresto;Conducente;F;Rimandato;0;NON DECEDUTO;Utilizzato;Inesploso
2314218;23;17/03/2015 09:10;Strada Urbana;VIA CRISTOFORO COLOMBO;in prossimità;;della chilometrica;16.9;;Tamponamento Multiplo;Rettilineo;Due carreggiate;Bagnato (pioggia);Asfaltata;Verticale ed orizzontale;Pioggia in atto;Intenso;Buona;Ore Diurne;3;0;0;1;12.43128;41.79276;-1;3;Autovettura privata;In marcia / fermata / arresto;Conducente;F;Rifiuta cure immediate;0;NON DECEDUTO;Utilizzato;Inesploso
2314218;23;17/03/2015 09:10;Strada Urbana;VIA CRISTOFORO COLOMBO;in prossimità;;della chilometrica;16.9;;Tamponamento Multiplo;Rettilineo;Due carreggiate;Bagnato (pioggia);Asfaltata;Verticale ed orizzontale;Pioggia in atto;Intenso;Buona;Ore Diurne;3;0;0;1;12.43128;41.79276;-1;3;Autovettura privata;In marcia / fermata / arresto;Passeggero;M;Illeso;0;;Utilizzato;Inesploso
2314220;11;19/03/2015 08:15;Strada Urbana;PIAZZALE DEL CARAVAGGIO;all'intersezione con;VIA GIORGIONE;VIA GIORGIONE;;;Scontro laterale fra veicoli in marcia;Incrocio;Una carreggiata a doppio senso;Asciutto;Asfaltata;Verticale ed orizzontale;Sereno;Normale;Buona;Ore Diurne;0;0;0;4;12.49299;41.85055;-1;1;Autocarro inferiore 35 q.;In marcia / fermata / arresto;Conducente;M;Illeso;0;;Non accertato;Inesploso
2314220;11;19/03/2015 08:15;Strada Urbana;PIAZZALE DEL CARAVAGGIO;all'intersezione con;VIA GIORGIONE;VIA GIORGIONE;;;Scontro laterale fra veicoli in marcia;Incrocio;Una carreggiata a doppio senso;Asciutto;Asfaltata;Verticale ed orizzontale;Sereno;Normale;Buona;Ore Diurne;0;0;0;4;12.49299;41.85055;-1;1;Autocarro inferiore 35 q.;In marcia / fermata / arresto;Passeggero;M;Illeso;0;;Non accertato;Inesploso
2314220;11;19/03/2015 08:15;Strada Urbana;PIAZZALE DEL CARAVAGGIO;all'intersezione con;VIA GIORGIONE;VIA GIORGIONE;;;Scontro laterale fra veicoli in marcia;Incrocio;Una carreggiata a doppio senso;Asciutto;Asfaltata;Verticale ed orizzontale;Sereno;Normale;Buona;Ore Diurne;0;0;0;4;12.49299;41.85055;-1;2;Autovettura privata;In marcia / fermata / arresto;Conducente;M;Illeso;0;;Non accertato;Inesploso
2314220;11;19/03/2015 08:15;Strada Urbana;PIAZZALE DEL CARAVAGGIO;all'intersezione con;VIA GIORGIONE;VIA GIORGIONE;;;Scontro laterale fra veicoli in marcia;Incrocio;Una carreggiata a doppio senso;Asciutto;Asfaltata;Verticale ed orizzontale;Sereno;Normale;Buona;Ore Diurne;0;0;0;4;12.49299;41.85055;-1;2;Autovettura privata;In marcia / fermata / arresto;Passeggero;M;Illeso;0;;Non accertato;Inesploso
2314221;3;18/03/2015 10:45;Strada Urbana;LARGO RODOLFO LANCIANI;in corrispondenza;;del civico n.;27;;Scontro frontale/laterale SX fra veicoli in marcia;Rettilineo;Due carreggiate;Asciutto;Asfaltata;Verticale ed orizzontale;Sereno;Normale;Buona;Ore Diurne;0;0;0;4;12.52624;41.92169;-1;1;Autovettura privata;In marcia / fermata / arresto;Conducente;F;Illeso;0;;Non accertato;Inesploso
2314221;3;18/03/2015 10:45;Strada Urbana;LARGO RODOLFO LANCIANI;in corrispondenza;;del civico n.;27;;Scontro frontale/laterale SX fra veicoli in marcia;Rettilineo;Due carreggiate;Asciutto;Asfaltata;Verticale ed orizzontale;Sereno;Normale;Buona;Ore Diurne;0;0;0;4;12.52624;41.92169;-1;2;Autovettura privata;In marcia / fermata / arresto;Conducente;F;Illeso;0;;Non accertato;Inesploso
2314221;3;18/03/2015 10:45;Strada Urbana;LARGO RODOLFO LANCIANI;in corrispondenza;;del civico n.;27;;Scontro frontale/laterale SX fra veicoli in marcia;Rettilineo;Due carreggiate;Asciutto;Asfaltata;Verticale ed orizzontale;Sereno;Normale;Buona;Ore Diurne;0;0;0;4;12.52624;41.92169;-1;2;Autovettura privata;In marcia / fermata / arresto;Passeggero;M;Illeso;0;;Non accertato;Inesploso
2314221;3;18/03/2015 10:45;Strada Urbana;LARGO RODOLFO LANCIANI;in corrispondenza;;del civico n.;27;;Scontro frontale/laterale SX fra veicoli in marcia;Rettilineo;Due carreggiate;Asciutto;Asfaltata;Verticale ed orizzontale;Sereno;Normale;Buona;Ore Diurne;0;0;0;4;12.52624;41.92169;-1;2;Autovettura privata;In marcia / fermata / arresto;Passeggero;M;Illeso;0;;Non accertato;Inesploso
2314223;20;18/03/2015 08:05;Strada Urbana;VIALE CORTINA D'AMPEZZO;in corrispondenza;;del civico n.;198;;Tamponamento Multiplo;Rettilineo;Una carreggiata a doppio senso;Asciutto;Asfaltata;Verticale ed orizzontale;Sereno;Scarso;Buona;Ore Diurne;0;0;0;4;12.44368;41.94783;-1;1;Autovettura privata;In marcia / fermata / arresto;Conducente;F;Illeso;0;;;
2314223;20;18/03/2015 08:05;Strada Urbana;VIALE CORTINA D'AMPEZZO;in corrispondenza;;del civico n.;198;;Tamponamento Multiplo;Rettilineo;Una carreggiata a doppio senso;Asciutto;Asfaltata;Verticale ed orizzontale;Sereno;Scarso;Buona;Ore Diurne;0;0;0;4;12.44368;41.94783;-1;1;Autovettura privata;In marcia / fermata / arresto;Passeggero;F;Illeso;0;;Non accertato;Inesploso
2314223;20;18/03/2015 08:05;Strada Urbana;VIALE CORTINA D'AMPEZZO;in corrispondenza;;del civico n.;198;;Tamponamento Multiplo;Rettilineo;Una carreggiata a doppio senso;Asciutto;Asfaltata;Verticale ed orizzontale;Sereno;Scarso;Buona;Ore Diurne;0;0;0;4;12.44368;41.94783;-1;2;Autovettura privata;In marcia / fermata / arresto;Conducente;F;Illeso;0;;Non accertato;Inesploso
2314223;20;18/03/2015 08:05;Strada Urbana;VIALE CORTINA D'AMPEZZO;in corrispondenza;;del civico n.;198;;Tamponamento Multiplo;Rettilineo;Una carreggiata a doppio senso;Asciutto;Asfaltata;Verticale ed orizzontale;Sereno;Scarso;Buona;Ore Diurne;0;0;0;4;12.44368;41.94783;-1;3;Autovettura privata;In marcia / fermata / arresto;Conducente;F;Illeso;0;;;
2314239;17;18/03/2015 11:30;Strada Urbana;LUNGOTEVERE MICHELANGELO;in prossimità;;del civico n.;10;;Scontro laterale fra veicoli in marcia;Rettilineo;Due carreggiate;Asciutto;Asfaltata;Verticale ed orizzontale;Sereno;Normale;Buona;Ore Diurne;0;0;0;2;12.47006;41.91305;-1;1;Autovettura di polizia;In marcia / fermata / arresto;Conducente;M;Illeso;0;;Non utilizzato;Inesploso
2314239;17;18/03/2015 11:30;Strada Urbana;LUNGOTEVERE MICHELANGELO;in prossimità;;del civico n.;10;;Scontro laterale fra veicoli in marcia;Rettilineo;Due carreggiate;Asciutto;Asfaltata;Verticale ed orizzontale;Sereno;Normale;Buona;Ore Diurne;0;0;0;2;12.47006;41.91305;-1;2;Motociclo a solo;In marcia / fermata / arresto;Conducente;M;Illeso;0;;Non accertato;
2314240;20;18/03/2015 18:45;Regionale;VIA FLAMINIA;da specificare;;;;prossimità Centro Rai - Saxa Rubra;Tamponamento Multiplo;Rettilineo;Due carreggiate;Asciutto;Asfaltata;Orizzontale;Nuvoloso;Normale;Sufficiente;Sufficiente;0;0;0;3;12.49348;41.97958;-1;1;Autovettura privata;In marcia / fermata / arresto;Conducente;M;Illeso;0;;;Inesploso
2314240;20;18/03/2015 18:45;Regionale;VIA FLAMINIA;da specificare;;;;prossimità Centro Rai - Saxa Rubra;Tamponamento Multiplo;Rettilineo;Due carreggiate;Asciutto;Asfaltata;Orizzontale;Nuvoloso;Normale;Sufficiente;Sufficiente;0;0;0;3;12.49348;41.97958;-1;2;Autovettura privata;In marcia / fermata / arresto;Conducente;F;Illeso;0;;Non accertato;Inesploso
2314240;20;18/03/2015 18:45;Regionale;VIA FLAMINIA;da specificare;;;;prossimità Centro Rai - Saxa Rubra;Tamponamento Multiplo;Rettilineo;Due carreggiate;Asciutto;Asfaltata;Orizzontale;Nuvoloso;Normale;Sufficiente;Sufficiente;0;0;0;3;12.49348;41.97958;-1;3;Autovettura privata;In marcia / fermata / arresto;Conducente;M;Illeso;0;;Non accertato;Inesploso
2314249;20;18/03/2015 13:00;Strada Urbana;VIA DEI DUE PONTI;in prossimità;;del palo luce n.;83;;Tamponamento;Rettilineo;Una carreggiata a doppio senso;Asciutto;Asfaltata;Orizzontale;Sereno;Normale;Buona;Ore Diurne;0;0;0;2;12.45638;41.96448;-1;1;Autovettura privata;In marcia / fermata / arresto;Conducente;F;Illeso;0;;Non accertato;
2314249;20;18/03/2015 13:00;Strada Urbana;VIA DEI DUE PONTI;in prossimità;;del palo luce n.;83;;Tamponamento;Rettilineo;Una carreggiata a doppio senso;Asciutto;Asfaltata;Orizzontale;Sereno;Normale;Buona;Ore Diurne;0;0;0;2;12.45638;41.96448;-1;2;Autovettura privata;In marcia / fermata / arresto;Conducente;M;Illeso;0;;Non accertato;
2314250;7;18/03/2015 19:35;Strada Urbana;VIALE FILIPPO DE PISIS;in corrispondenza;;del palo luce n.;7;;Scontro frontale/laterale DX fra veicoli in marcia;Rettilineo;Due carreggiate;Asciutto;Asfaltata;Verticale ed orizzontale;Sereno;Scarso;Buona;Sufficiente;1;0;0;2;12.58955;41.8997;-1;1;Autovettura privata;In marcia / fermata / arresto;Conducente;M;Rimandato;0;NON DECEDUTO;Non accertato;
2314250;7;18/03/2015 19:35;Strada Urbana;VIALE FILIPPO DE PISIS;in corrispondenza;;del palo luce n.;7;;Scontro frontale/laterale DX fra veicoli in marcia;Rettilineo;Due carreggiate;Asciutto;Asfaltata;Verticale ed orizzontale;Sereno;Scarso;Buona;Sufficiente;1;0;0;2;12.58955;41.8997;-1;2;Autovettura privata;In marcia / fermata / arresto;Conducente;M;Illeso;0;;Non accertato;Inesploso
2314250;7;18/03/2015 19:35;Strada Urbana;VIALE FILIPPO DE PISIS;in corrispondenza;;del palo luce n.;7;;Scontro frontale/laterale DX fra veicoli in marcia;Rettilineo;Due carreggiate;Asciutto;Asfaltata;Verticale ed orizzontale;Sereno;Scarso;Buona;Sufficiente;1;0;0;2;12.58955;41.8997;-1;2;Autovettura privata;In marcia / fermata / arresto;Passeggero;F;Illeso;0;;Non accertato;Inesploso
2314252;3;18/03/2015 11:30;Strada Urbana;LARGO SETTIMIO PASSAMONTI;da specificare;;;;CORSIA CANALIZZAZIONE DIREZIONE SCALO S.LORENZO;Fuoriuscita dalla sede stradale;Curva a visuale libera;Una carreggiata a senso unico di marcia;Sdrucciolevole (pietrisco);Asfaltata;Verticale ed orizzontale;Sereno;Normale;Buona;Ore Diurne;0;0;0;2;12.5211;41.89777;-1;1;Motociclo a solo;In marcia / fermata / arresto;Conducente;M;Illeso;0;;Non accertato;
2314252;3;18/03/2015 11:30;Strada Urbana;LARGO SETTIMIO PASSAMONTI;da specificare;;;;CORSIA CANALIZZAZIONE DIREZIONE SCALO S.LORENZO;Fuoriuscita dalla sede stradale;Curva a visuale libera;Una carreggiata a senso unico di marcia;Sdrucciolevole (pietrisco);Asfaltata;Verticale ed orizzontale;Sereno;Normale;Buona;Ore Diurne;0;0;0;2;12.5211;41.89777;-1;2;Autovettura privata;In marcia / fermata / arresto;Conducente;M;Illeso;0;;Non accertato;Inesploso
2314258;20;18/03/2015 07:50;Strada Urbana;VIA DELLA MENDOLA;all'intersezione con;VIA VIPITENO;VIA VIPITENO;;;Ribaltamento senza urto contro ostacolo fisso;Incrocio;Una carreggiata a senso unico di marcia;Bagnato (umidità in atto);Asfaltata;Verticale ed orizzontale;Sereno;Scarso;Buona;Ore Diurne;0;0;0;2;12.445;41.9486;-1;1;Ciclomotore;In marcia / fermata / arresto;Conducente;M;Illeso;0;;Non accertato;
2314258;20;18/03/2015 07:50;Strada Urbana;VIA DELLA MENDOLA;all'intersezione con;VIA VIPITENO;VIA VIPITENO;;;Ribaltamento senza urto contro ostacolo fisso;Incrocio;Una carreggiata a senso unico di marcia;Bagnato (umidità in atto);Asfaltata;Verticale ed orizzontale;Sereno;Scarso;Buona;Ore Diurne;0;0;0;2;12.445;41.9486;-1;2;Autovettura privata;In marcia / fermata / arresto;Conducente;F;Illeso;0;;;
2314259;3;18/03/2015 11:40;Strada Urbana;VIA GIOVANNI BATTISTA MORGAGNI;all'intersezione semaforizzata con;VIALE REGINA MARGHERITA;VIALE REGINA MARGHERITA;;;Tamponamento;Intersezione semaforizzata;Due carreggiate;Asciutto;Asfaltata;Verticale ed orizzontale;Sereno;Intenso;Buona;Ore Diurne;1;0;0;2;12.51061;41.90982;-1;1;Autovettura privata;In marcia / fermata / arresto;Passeggero;F;Illeso;0;;Non accertato;Inesploso
2314259;3;18/03/2015 11:40;Strada Urbana;VIA GIOVANNI BATTISTA MORGAGNI;all'intersezione semaforizzata con;VIALE REGINA MARGHERITA;VIALE REGINA MARGHERITA;;;Tamponamento;Intersezione semaforizzata;Due carreggiate;Asciutto;Asfaltata;Verticale ed orizzontale;Sereno;Intenso;Buona;Ore Diurne;1;0;0;2;12.51061;41.90982;-1;1;Autovettura privata;In marcia / fermata / arresto;Conducente;M;Illeso;0;;Non accertato;Inesploso
2314259;3;18/03/2015 11:40;Strada Urbana;VIA GIOVANNI BATTISTA MORGAGNI;all'intersezione semaforizzata con;VIALE REGINA MARGHERITA;VIALE REGINA MARGHERITA;;;Tamponamento;Intersezione semaforizzata;Due carreggiate;Asciutto;Asfaltata;Verticale ed orizzontale;Sereno;Intenso;Buona;Ore Diurne;1;0;0;2;12.51061;41.90982;-1;2;Motociclo a solo;In marcia / fermata / arresto;Conducente;M;Rimandato;0;NON DECEDUTO;Non accertato;