Protocollo;Gruppo;DataOraIncidente;Localizzazione1;STRADA1;Localizzazione2;STRADA2;Strada02;Chilometrica;DaSpecificare;NaturaIncidente;particolaritastrade;TipoStrada;FondoStradale;Pavimentazione;Segnaletica;CondizioneAtmosferica;Traffico;Visibilita;Illuminazione;NUM_FERITI;NUM_RISERVATA;NUM_MORTI;NUM_ILLESI;Longitudine;Latitudine;Confermato;Progressivo;TipoVeicolo;StatoVeicolo;TipoPersona;Sesso;Tipolesione;Deceduto;DecedutoDopo;CinturaCascoUtilizzato;Airbag
2314649;1;19/03/2015 12:50;Strada Urbana;VIALE CASTRO PRETORIO;all'intersezione semaforizzata con;VIA SAN MARTINO DELLA BATTAGLIA;VIA SAN MARTINO DELLA BATTAGLIA;;;Scontro frontale/laterale DX fra veicoli in marcia;Intersezione semaforizzata;Una carreggiata a doppio senso;Asciutto;Asfaltata;Verticale ed orizzontale;Sereno;Normale;Buona;Ore Diurne;1;0;0;3;12.50563;41.90568;-1;1;Motociclo a solo;In marcia / fermata / arresto;Passeggero;F;Rimandato;0;NON DECEDUTO;Non accertato;
2314649;1;19/03/2015 12:50;Strada Urbana;VIALE CASTRO PRETORIO;all'intersezione semaforizzata con;VIA SAN MARTINO DELLA BATTAGLIA;VIA SAN MARTINO DELLA BATTAGLIA;;;Scontro frontale/laterale DX fra veicoli in marcia;Intersezione semaforizzata;Una carreggiata a doppio senso;Asciutto;Asfaltata;Verticale ed orizzontale;Sereno;Normale;Buona;Ore Diurne;1;0;0;3;12.50563;41.90568;-1;2;Autovettura privata;In marcia / fermata / arresto;Conducente;F;Illeso;0;;Non accertato;Inesploso
2314649;1;19/03/2015 12:50;Strada Urbana;VIALE CASTRO PRETORIO;all'intersezione semaforizzata con;VIA SAN MARTINO DELLA BATTAGLIA;VIA SAN MARTINO DELLA BATTAGLIA;;;Scontro frontale/laterale DX fra veicoli in marcia;Intersezione semaforizzata;Una carreggiata a doppio senso;Asciutto;Asfaltata;Verticale ed orizzontale;Sereno;Normale;Buona;Ore Diurne;1;0;0;3;12.50563;41.90568;-1;2;Autovettura privata;In marcia / fermata / arresto;Passeggero;F;Illeso;0;;Non accertato;Inesploso
2314698;2;19/03/2015 08:55;Strada Urbana;VIALE TIZIANO;all'intersezione semaforizzata con;VIA FRATELLI ARCHIBUGI;VIA FRATELLI ARCHIBUGI;;;Scontro laterale fra veicoli in marcia;Intersezione non regolata/non segnalata;Una carreggiata a senso unico di marcia;Asciutto;Asfaltata;Verticale ed orizzontale;Sereno;Normale;Buona;Ore Diurne;0;0;0;2;12.47306;41.92044;-1;1;Autovettura privata;In marcia / fermata / arresto;Conducente;F;Illeso;0;;Non accertato;Inesploso
2314698;2;19/03/2015 08:55;Strada Urbana;VIALE TIZIANO;all'intersezione semaforizzata con;VIA FRATELLI ARCHIBUGI;VIA FRATELLI ARCHIBUGI;;;Scontro laterale fra veicoli in marcia;Intersezione non regolata/non segnalata;Una carreggiata a senso unico di marcia;Asciutto;Asfaltata;Verticale ed orizzontale;Sereno;Normale;Buona;Ore Diurne;0;0;0;2;12.47306;41.92044;-1;2;Autovettura privata;In marcia / fermata / arresto;Conducente;M;Illeso;0;;Non accertato;Inesploso
2314710;12;19/03/2015 02:25;Strada Urbana;VIALE BEETHOVEN;all'intersezione con;VIALE DELL'ASTRONOMIA;VIALE DELL'ASTRONOMIA;;;Scontro frontale/laterale DX fra veicoli in marcia;Incrocio;Una carreggiata a doppio senso;Asciutto;Asfaltata;Verticale ed orizzontale;Sereno;Scarso;Buona;Sufficiente;0;0;0;3;12.46727;41.83411;-1;1;Autovettura privata;In marcia / fermata / arresto;Conducente;M;Illeso;0;;Utilizzato;Inesploso
2314710;12;19/03/2015 02:25;Strada Urbana;VIALE BEETHOVEN;all'intersezione con;VIALE DELL'ASTRONOMIA;VIALE DELL'ASTRONOMIA;;;Scontro frontale/laterale DX fra veicoli in marcia;Incrocio;Una carreggiata a doppio senso;Asciutto;Asfaltata;Verticale ed orizzontale;Sereno;Scarso;Buona;Sufficiente;0;0;0;3;12.46727;41.83411;-1;1;Autovettura privata;In marcia / fermata / arresto;Passeggero;M;Illeso;0;;Utilizzato;Inesploso
2314710;12;19/03/2015 02:25;Strada Urbana;VIALE BEETHOVEN;all'intersezione con;VIALE DELL'ASTRONOMIA;VIALE DELL'ASTRONOMIA;;;Scontro frontale/laterale DX fra veicoli in marcia;Incrocio;Una carreggiata a doppio senso;Asciutto;Asfaltata;Verticale ed orizzontale;Sereno;Scarso;Buona;Sufficiente;0;0;0;3;12.46727;41.83411;-1;2;Autovettura privata;In marcia / fermata / arresto;Conducente;M;Illeso;0;;Utilizzato;Inesploso
2314794;18;17/03/2015 07:30;Strada Urbana;VIA AURELIA;in prossimità;;del civico n.;174;;Scontro frontale/laterale SX fra veicoli in marcia;Curva senza visuale libera;Una carreggiata a doppio senso;Bagnato (pioggia);Asfaltata;Verticale ed orizzontale;Pioggia in atto;Normale;Buona;Ore Diurne;0;0;0;2;12.44744;41.89959;-1;1;Autocarro inferiore 35 q.;In marcia / fermata / arresto;Conducente;M;Illeso;0;;;
2314794;18;17/03/2015 07:30;Strada Urbana;VIA AURELIA;in prossimità;;del civico n.;174;;Scontro frontale/laterale SX fra veicoli in marcia;Curva senza visuale libera;Una carreggiata a doppio senso;Bagnato (pioggia);Asfaltata;Verticale ed orizzontale;Pioggia in atto;Normale;Buona;Ore Diurne;0;0;0;2;12.44744;41.89959;-1;2;Autobus di linea;In marcia / fermata / arresto;Conducente;M;Illeso;0;;;
2314842;1;19/03/2015 08:10;Strada Urbana;VIA DRUSO;in prossimità;;del civico n.;45;;Scontro frontale fra veicoli in marcia;Rettilineo;Una carreggiata a doppio senso;Asciutto;Asfaltata;Orizzontale;Sereno;Normale;Buona;Ore Diurne;2;0;0;4;12.49684;41.88041;-1;1;Motociclo con passeggero;In marcia / fermata / arresto;Conducente;M;Rimandato;0;NON DECEDUTO;Non accertato;
2314842;1;19/03/2015 08:10;Strada Urbana;VIA DRUSO;in prossimità;;del civico n.;45;;Scontro frontale fra veicoli in marcia;Rettilineo;Una carreggiata a doppio senso;Asciutto;Asfaltata;Orizzontale;Sereno;Normale;Buona;Ore Diurne;2;0;0;4;12.49684;41.88041;-1;1;Motociclo con passeggero;In marcia / fermata / arresto;Passeggero;F;Rimandato;0;NON DECEDUTO;Non accertato;
2314842;1;19/03/2015 08:10;Strada Urbana;VIA DRUSO;in prossimità;;del civico n.;45;;Scontro frontale fra veicoli in marcia;Rettilineo;Una carreggiata a doppio senso;Asciutto;Asfaltata;Orizzontale;Sereno;Normale;Buona;Ore Diurne;2;0;0;4;12.49684;41.88041;-1;2;Autoambulanza;In marcia / fermata / arresto;Conducente;M;Illeso;0;;Non accertato;Inesploso
2314842;1;19/03/2015 08:10;Strada Urbana;VIA DRUSO;in prossimità;;del civico n.;45;;Scontro frontale fra veicoli in marcia;Rettilineo;Una carreggiata a doppio senso;Asciutto;Asfaltata;Orizzontale;Sereno;Normale;Buona;Ore Diurne;2;0;0;4;12.49684;41.88041;-1;2;Autoambulanza;In marcia / fermata / arresto;Passeggero;M;Illeso;0;;Non accertato;
2314842;1;19/03/2015 08:10;Strada Urbana;VIA DRUSO;in prossimità;;del civico n.;45;;Scontro frontale fra veicoli in marcia;Rettilineo;Una carreggiata a doppio senso;Asciutto;Asfaltata;Orizzontale;Sereno;Normale;Buona;Ore Diurne;2;0;0;4;12.49684;41.88041;-1;2;Autoambulanza;In marcia / fermata / arresto;Passeggero;F;Illeso;0;;Non accertato;
2314842;1;19/03/2015 08:10;Strada Urbana;VIA DRUSO;in prossimità;;del civico n.;45;;Scontro frontale fra veicoli in marcia;Rettilineo;Una carreggiata a doppio senso;Asciutto;Asfaltata;Orizzontale;Sereno;Normale;Buona;Ore Diurne;2;0;0;4;12.49684;41.88041;-1;2;Autoambulanza;In marcia / fermata / arresto;Passeggero;F;Illeso;0;;Non accertato;
2314892;1;19/03/2015;Strada Urbana;VIA PRINCIPE AMEDEO;in prossimità;;del civico n.;3;;Scontro laterale fra veicoli in marcia;Rettilineo;Una carreggiata a senso unico di marcia;Asciutto;Asfaltata;Verticale ed orizzontale;Sereno;Scarso;Buona;Sufficiente;0;0;0;5;12.49705;41.90082;-1;1;Autovettura privata;In marcia / fermata / arresto;Conducente;M;Illeso;0;;Non accertato;Inesploso
2314892;1;19/03/2015;Strada Urbana;VIA PRINCIPE AMEDEO;in prossimità;;del civico n.;3;;Scontro laterale fra veicoli in marcia;Rettilineo;Una carreggiata a senso unico di marcia;Asciutto;Asfaltata;Verticale ed orizzontale;Sereno;Scarso;Buona;Sufficiente;0;0;0;5;12.49705;41.90082;-1;2;Autovettura privata;In marcia / fermata / arresto;Conducente;M;Illeso;0;;Non accertato;Inesploso
2314892;1;19/03/2015;Strada Urbana;VIA PRINCIPE AMEDEO;in prossimità;;del civico n.;3;;Scontro laterale fra veicoli in marcia;Rettilineo;Una carreggiata a senso unico di marcia;Asciutto;Asfaltata;Verticale ed orizzontale;Sereno;Scarso;Buona;Sufficiente;0;0;0;5;12.49705;41.90082;-1;2;Autovettura privata;In marcia / fermata / arresto;Passeggero;F;Illeso;0;;Non accertato;Inesploso
2314892;1;19/03/2015;Strada Urbana;VIA PRINCIPE AMEDEO;in prossimità;;del civico n.;3;;Scontro laterale fra veicoli in marcia;Rettilineo;Una carreggiata a senso unico di marcia;Asciutto;Asfaltata;Verticale ed orizzontale;Sereno;Scarso;Buona;Sufficiente;0;0;0;5;12.49705;41.90082;-1;2;Autovettura privata;In marcia / fermata / arresto;Passeggero;F;Illeso;0;;Non accertato;Inesistente
2314892;1;19/03/2015;Strada Urbana;VIA PRINCIPE AMEDEO;in prossimità;;del civico n.;3;;Scontro laterale fra veicoli in marcia;Rettilineo;Una carreggiata a senso unico di marcia;Asciutto;Asfaltata;Verticale ed orizzontale;Sereno;Scarso;Buona;Sufficiente;0;0;0;5;12.49705;41.90082;-1;2;Autovettura privata;In marcia / fermata / arresto;Passeggero;F;Illeso;0;;Non accertato;Inesistente
2314895;12;17/03/2015 15:45;Provinciale;VIA LAURENTINA;da specificare;;;;prox rotatoria cimitero prox km 13.700;Scontro laterale fra veicoli in marcia;Rotatoria;Una carreggiata a doppio senso;Bagnato (umidità in atto);Asfaltata;Verticale ed orizzontale;Nuvoloso;Normale;Buona;Ore Diurne;0;0;0;2;12.48081;41.77595;-1;1;Veicolo speciale;In marcia / fermata / arresto;Conducente;M;Illeso;0;;Utilizzato;Inesploso
2314895;12;17/03/2015 15:45;Provinciale;VIA LAURENTINA;da specificare;;;;prox rotatoria cimitero prox km 13.700;Scontro laterale fra veicoli in marcia;Rotatoria;Una carreggiata a doppio senso;Bagnato (umidità in atto);Asfaltata;Verticale ed orizzontale;Nuvoloso;Normale;Buona;Ore Diurne;0;0;0;2;12.48081;41.77595;-1;2;Autocarro inferiore 35 q.;In marcia / fermata / arresto;Conducente;M;Illeso;0;;Utilizzato;Inesploso
2314923;12;17/03/2015 07:30;Strada Urbana;VIA CRISTOFORO COLOMBO;da specificare;;;;dir. Gra ponte laghetto;Veicolo in marcia contro ostacolo fisso;Curva senza visuale libera;Due carreggiate;Bagnato (pioggia);Asfaltata;Orizzontale;Pioggia in atto;Normale;Buona;Ore Diurne;1;0;0;0;12.46774;41.82935;-1;1;Autovettura privata;In marcia / fermata / arresto;Conducente;M;Rimandato;0;NON DECEDUTO;Utilizzato;Inesploso
2314924;1;19/03/2015 00:10;Strada Urbana;VIA GOITO;all'intersezione con;VIA GAETA;VIA GAETA;;;Scontro frontale/laterale SX fra veicoli in marcia;Incrocio;Una carreggiata a doppio senso;Asciutto;Asfaltata;Verticale;Sereno;Scarso;Sufficiente;Sufficiente;0;0;0;3;12.50027;41.90612;-1;1;Autovettura di polizia;In marcia / fermata / arresto;Conducente;M;Illeso;0;;Non accertato;
2314924;1;19/03/2015 00:10;Strada Urbana;VIA GOITO;all'intersezione con;VIA GAETA;VIA GAETA;;;Scontro frontale/laterale SX fra veicoli in marcia;Incrocio;Una carreggiata a doppio senso;Asciutto;Asfaltata;Verticale;Sereno;Scarso;Sufficiente;Sufficiente;0;0;0;3;12.50027;41.90612;-1;1;Autovettura di polizia;In marcia / fermata / arresto;Passeggero;M;Illeso;0;;Non accertato;
2314924;1;19/03/2015 00:10;Strada Urbana;VIA GOITO;all'intersezione con;VIA GAETA;VIA GAETA;;;Scontro frontale/laterale SX fra veicoli in marcia;Incrocio;Una carreggiata a doppio senso;Asciutto;Asfaltata;Verticale;Sereno;Scarso;Sufficiente;Sufficiente;0;0;0;3;12.50027;41.90612;-1;2;Autovettura privata;In marcia / fermata / arresto;Conducente;M;Illeso;0;;Non accertato;
2314936;20;19/03/2015 16:45;Altra strada;VIA FLAMINIA;da specificare;;;;area int. cimitero Flaminio bl.9 V.le Arcicfr. SS ;Veicolo in marcia contro ostacolo accidentale;Rettilineo;Una carreggiata a doppio senso;Asciutto;Con buche;Assente;Sereno;Scarso;Buona;Ore Diurne;0;0;0;1;12.49361;42.0149;-1;1;Autovettura privata;In marcia / fermata / arresto;Conducente;F;Illeso;0;;Non accertato;Inesploso
2314941;19;19/03/2015 16:30;Strada Urbana;VIA DI TORREVECCHIA;in prossimità;;del civico n.;190;;Tamponamento;Rettilineo;Una carreggiata a doppio senso;Asciutto;Asfaltata;Assente;Sereno;Intenso;Buona;Ore Diurne;0;0;0;2;12.41864;41.93065;-1;1;Autovettura privata;In marcia / fermata / arresto;Conducente;F;Illeso;0;;;
2314941;19;19/03/2015 16:30;Strada Urbana;VIA DI TORREVECCHIA;in prossimità;;del civico n.;190;;Tamponamento;Rettilineo;Una carreggiata a doppio senso;Asciutto;Asfaltata;Assente;Sereno;Intenso;Buona;Ore Diurne;0;0;0;2;12.41864;41.93065;-1;2;Autovettura privata;In marcia / fermata / arresto;Conducente;M;Illeso;0;;;
2314943;1;19/03/2015 13:10;Strada Urbana;PIAZZALE OSTIENSE;da specificare;;;;altezza PIRAMIDE;Scontro frontale/laterale SX fra veicoli in marcia;Rettilineo;Una carreggiata a doppio senso;Asciutto;Asfaltata;Assente;Sereno;Normale;Buona;Ore Diurne;0;0;0;2;12.48137;41.87628;-1;1;Autovettura privata;In marcia / fermata / arresto;Conducente;M;Illeso;0;;Non accertato;Inesploso
2314943;1;19/03/2015 13:10;Strada Urbana;PIAZZALE OSTIENSE;da specificare;;;;altezza PIRAMIDE;Scontro frontale/laterale SX fra veicoli in marcia;Rettilineo;Una carreggiata a doppio senso;Asciutto;Asfaltata;Assente;Sereno;Normale;Buona;Ore Diurne;0;0;0;2;12.48137;41.87628;-1;2;Autovettura privata;In marcia / fermata / arresto;Conducente;M;Illeso;0;;Non accertato;Inesploso
2314948;12;18/03/2015 15:00;Strada Urbana;VIALE DELL'UMANESIMO;all'intersezione con;VIALE ALGERIA;VIALE ALGERIA;;;Scontro frontale/laterale DX fra veicoli in marcia;Incrocio;Una carreggiata a doppio senso;Asciutto;Asfaltata;Verticale ed orizzontale;Sereno;Normale;Buona;Ore Diurne;1;0;0;1;12.46795;41.82364;-1;1;Motociclo a solo;In marcia / fermata / arresto;Conducente;M;Rimandato;0;NON DECEDUTO;Utilizzato;
2314948;12;18/03/2015 15:00;Strada Urbana;VIALE DELL'UMANESIMO;all'intersezione con;VIALE ALGERIA;VIALE ALGERIA;;;Scontro frontale/laterale DX fra veicoli in marcia;Incrocio;Una carreggiata a doppio senso;Asciutto;Asfaltata;Verticale ed orizzontale;Sereno;Normale;Buona;Ore Diurne;1;0;0;1;12.46795;41.82364;-1;2;Autovettura privata;In marcia / fermata / arresto;Conducente;M;Illeso;0;;Utilizzato;Inesploso
2314961;6;19/03/2015 17:45;Strada Urbana;VIALE DELLA PRIMAVERA;in corrispondenza;;del civico n.;93;;Scontro laterale fra veicoli in marcia;Rettilineo;Due carreggiate;Asciutto;Asfaltata;Orizzontale;Sereno;Normale;Buona;Ore Diurne;1;0;0;1;12.561;41.88376;-1;1;Motociclo a solo;In marcia / fermata / arresto;Conducente;M;Rifiuta cure immediate;0;NON DECEDUTO;Utilizzato;
2314961;6;19/03/2015 17:45;Strada Urbana;VIALE DELLA PRIMAVERA;in corrispondenza;;del civico n.;93;;Scontro laterale fra veicoli in marcia;Rettilineo;Due carreggiate;Asciutto;Asfaltata;Orizzontale;Sereno;Normale;Buona;Ore Diurne;1;0;0;1;12.561;41.88376;-1;2;Autovettura privata;In marcia / fermata / arresto;Conducente;M;Illeso;0;;Utilizzato;Inesploso
2314966;19;19/03/2015 14:20;Strada Urbana;VIA CASOREZZO;all'intersezione con;VIA CISLAGO;VIA CISLAGO;;;Scontro frontale/laterale DX fra veicoli in marcia;Intersezione stradale segnalata;Una carreggiata a senso unico di marcia;Asciutto;Asfaltata;Verticale ed orizzontale;Sereno;Scarso;Buona;Ore Diurne;0;0;0;2;12.3829;41.95191;-1;1;Autocarro inferiore 35 q.;In marcia / fermata / arresto;Conducente;M;Illeso;0;;Non accertato;Inesploso
2314966;19;19/03/2015 14:20;Strada Urbana;VIA CASOREZZO;all'intersezione con;VIA CISLAGO;VIA CISLAGO;;;Scontro frontale/laterale DX fra veicoli in marcia;Intersezione stradale segnalata;Una carreggiata a senso unico di marcia;Asciutto;Asfaltata;Verticale ed orizzontale;Sereno;Scarso;Buona;Ore Diurne;0;0;0;2;12.3829;41.95191;-1;2;Autovettura privata;In marcia / fermata / arresto;Conducente;M;Illeso;0;;Non accertato;Inesistente
2314975;18;17/03/2015 07:40;Strada Urbana;VIA AURELIA;da specificare;;;;in prossimità via Benedetto XIV;Fuoriuscita dalla sede stradale;Pendenza;Una carreggiata a doppio senso;Viscido da liquidi oleosi;Asfaltata;Orizzontale;Pioggia in atto;Normale;Buona;Ore Diurne;0;0;0;1;12.44988;41.89974;-1;1;Autovettura privata;In marcia / fermata / arresto;Conducente;F;Illeso;0;;Non accertato;Inesploso
2315001;2;19/03/2015 13:30;Strada Urbana;VIALE BRUNO BUOZZI;all'intersezione con;VIA DEI MONTI PARIOLI;VIA DEI MONTI PARIOLI;;;Tamponamento;Intersezione non regolata/non segnalata;Una carreggiata a doppio senso;Asciutto;Asfaltata;Verticale ed orizzontale;Sereno;Normale;Buona;Ore Diurne;1;0;0;1;12.47799;41.9191;-1;1;Autovettura privata;In marcia / fermata / arresto;Conducente;M;Illeso;0;;Non accertato;Inesploso
2315001;2;19/03/2015 13:30;Strada Urbana;VIALE BRUNO BUOZZI;all'intersezione con;VIA DEI MONTI PARIOLI;VIA DEI MONTI PARIOLI;;;Tamponamento;Intersezione non regolata/non segnalata;Una carreggiata a doppio senso;Asciutto;Asfaltata;Verticale ed orizzontale;Sereno;Normale;Buona;Ore Diurne;1;0;0;1;12.47799;41.9191;-1;2;Autovettura privata;In marcia / fermata / arresto;Conducente;F;Rimandato;0;NON DECEDUTO;Non accertato;Inesploso
2315009;2;19/03/2015 15:50;Strada Urbana;VIA DI S. COSTANZA;all'intersezione semaforizzata con;VIA TARVISIO;VIA TARVISIO;;;Scontro frontale/laterale DX fra veicoli in marcia;Intersezione semaforizzata;Una carreggiata a doppio senso;Asciutto;In cubetti di porfido;Verticale;Sereno;Normale;Buona;Ore Diurne;0;0;0;2;12.51505;41.92219;-1;1;Autovettura privata;In marcia / fermata / arresto;Conducente;F;Illeso;0;;;
2315009;2;19/03/2015 15:50;Strada Urbana;VIA DI S. COSTANZA;all'intersezione semaforizzata con;VIA TARVISIO;VIA TARVISIO;;;Scontro frontale/laterale DX fra veicoli in marcia;Intersezione semaforizzata;Una carreggiata a doppio senso;Asciutto;In cubetti di porfido;Verticale;Sereno;Normale;Buona;Ore Diurne;0;0;0;2;12.51505;41.92219;-1;2;Autovettura privata;In marcia / fermata / arresto;Conducente;M;Illeso;0;;;
2315017;18;17/03/2015 08:00;Statale;VIA AURELIA;in prossimità;;della chilometrica;10.6;;Veicolo in marcia contro ostacolo fisso;Curva senza visuale libera;Due carreggiate;Bagnato (pioggia);Asfaltata;Verticale ed orizzontale;Pioggia in atto;Normale;Buona;Ore Diurne;0;0;0;1;12.37772;41.88327;-1;1;Autovettura privata;In marcia / fermata / arresto;Conducente;F;Illeso;0;;Utilizzato;
2315023;1;19/03/2015 16:50;Strada Urbana;VIA CRISTOFORO COLOMBO;in corrispondenza;;del palo luce n.;12;;Scontro laterale fra veicoli in marcia;Rettilineo;Più di due carreggiate;Asciutto;Asfaltata;Verticale ed orizzontale;Sereno;Normale;Buona;Ore Diurne;1;0;0;5;12.42252;41.80614;-1;1;Autovettura privata;In marcia / fermata / arresto;Conducente;M;Illeso;0;;Non accertato;
2315023;1;19/03/2015 16:50;Strada Urbana;VIA CRISTOFORO COLOMBO;in corrispondenza;;del palo luce n.;12;;Scontro laterale fra veicoli in marcia;Rettilineo;Più di due carreggiate;Asciutto;Asfaltata;Verticale ed orizzontale;Sereno;Normale;Buona;Ore Diurne;1;0;0;5;12.42252;41.80614;-1;1;Autovettura privata;In marcia / fermata / arresto;Passeggero;M;Illeso;0;;Non accertato;
2315023;1;19/03/2015 16:50;Strada Urbana;VIA CRISTOFORO COLOMBO;in corrispondenza;;del palo luce n.;12;;Scontro laterale fra veicoli in marcia;Rettilineo;Più di due carreggiate;Asciutto;Asfaltata;Verticale ed orizzontale;Sereno;Normale;Buona;Ore Diurne;1;0;0;5;12.42252;41.80614;-1;1;Autovettura privata;In marcia / fermata / arresto;Passeggero;F;Illeso;0;;Non accertato;
2315023;1;19/03/2015 16:50;Strada Urbana;VIA CRISTOFORO COLOMBO;in corrispondenza;;del palo luce n.;12;;Scontro laterale fra veicoli in marcia;Rettilineo;Più di due carreggiate;Asciutto;Asfaltata;Verticale ed orizzontale;Sereno;Normale;Buona;Ore Diurne;1;0;0;5;12.42252;41.80614;-1;1;Autovettura privata;In marcia / fermata / arresto;Passeggero;M;Illeso;0;;Non accertato;
2315023;1;19/03/2015 16:50;Strada Urbana;VIA CRISTOFORO COLOMBO;in corrispondenza;;del palo luce n.;12;;Scontro laterale fra veicoli in marcia;Rettilineo;Più di due carreggiate;Asciutto;Asfaltata;Verticale ed orizzontale;Sereno;Normale;Buona;Ore Diurne;1;0;0;5;12.42252;41.80614;-1;1;Autovettura privata;In marcia / fermata / arresto;Passeggero;F;Illeso;0;;Non accertato;
2315023;1;19/03/2015 16:50;Strada Urbana;VIA CRISTOFORO COLOMBO;in corrispondenza;;del palo luce n.;12;;Scontro laterale fra veicoli in marcia;Rettilineo;Più di due carreggiate;Asciutto;Asfaltata;Verticale ed orizzontale;Sereno;Normale;Buona;Ore Diurne;1;0;0;5;12.42252;41.80614;-1;2;Motociclo a solo;In marcia / fermata / arresto;Conducente;M;Rimandato;0;NON DECEDUTO;Non accertato;
2315045;15;19/03/2015 11:30;Strada Urbana;VIA DELL'IMBRECCIATO;in corrispondenza;;del civico n.;136;;Investimento di pedone;Rettilineo;Una carreggiata a doppio senso;Asciutto;In conglomerato cementizio;Orizzontale;Sereno;Normale;Buona;Ore Diurne;3;0;0;0;12.45076;41.83985;-1;;;;Pedone;F;Rimandato;0;NON DECEDUTO;;
2315045;15;19/03/2015 11:30;Strada Urbana;VIA DELL'IMBRECCIATO;in corrispondenza;;del civico n.;136;;Investimento di pedone;Rettilineo;Una carreggiata a doppio senso;Asciutto;In conglomerato cementizio;Orizzontale;Sereno;Normale;Buona;Ore Diurne;3;0;0;0;12.45076;41.83985;-1;1;Motociclo con passeggero;In marcia / fermata / arresto;Conducente;F;Rimandato;0;NON DECEDUTO;Non accertato;
2315045;15;19/03/2015 11:30;Strada Urbana;VIA DELL'IMBRECCIATO;in corrispondenza;;del civico n.;136;;Investimento di pedone;Rettilineo;Una carreggiata a doppio senso;Asciutto;In conglomerato cementizio;Orizzontale;Sereno;Normale;Buona;Ore Diurne;3;0;0;0;12.45076;41.83985;-1;1;Motociclo con passeggero;In marcia / fermata / arresto;Passeggero;F;Rimandato;0;NON DECEDUTO;Non accertato;
2315046;15;19/03/2015 12:00;Strada Urbana;VIALE GIUSEPPE SIRTORI;in corrispondenza;;del civico n.;1;;Tamponamento;Rettilineo;Due carreggiate;Asciutto;Asfaltata;Verticale ed orizzontale;Sereno;Normale;Buona;Ore Diurne;0;0;0;3;12.45029;41.8557;-1;1;Autovettura privata;In marcia / fermata / arresto;Conducente;F;Illeso;0;;;
2315046;15;19/03/2015 12:00;Strada Urbana;VIALE GIUSEPPE SIRTORI;in corrispondenza;;del civico n.;1;;Tamponamento;Rettilineo;Due carreggiate;Asciutto;Asfaltata;Verticale ed orizzontale;Sereno;Normale;Buona;Ore Diurne;0;0;0;3;12.45029;41.8557;-1;1;Autovettura privata;In marcia / fermata / arresto;Passeggero;F;Illeso;0;;;
2315046;15;19/03/2015 12:00;Strada Urbana;VIALE GIUSEPPE SIRTORI;in corrispondenza;;del civico n.;1;;Tamponamento;Rettilineo;Due carreggiate;Asciutto;Asfaltata;Verticale ed orizzontale;Sereno;Normale;Buona;Ore Diurne;0;0;0;3;12.45029;41.8557;-1;2;Autovettura privata;In marcia / fermata / arresto;Conducente;F;Illeso;0;;;
2315047;15;19/03/2015 13:00;Strada Urbana;VIA DEL MONTE DELLE CAPRE;in corrispondenza;;del civico n.;23;;Veicolo in marcia contro ostacolo fisso;Rettilineo;Una carreggiata a doppio senso;Asciutto;Asfaltata;Assente;Sereno;Normale;Buona;Ore Diurne;0;0;0;2;12.43401;41.84468;-1;1;Autovettura privata;In marcia / fermata / arresto;Conducente;M;Illeso;0;;;
2315047;15;19/03/2015 13:00;Strada Urbana;VIA DEL MONTE DELLE CAPRE;in corrispondenza;;del civico n.;23;;Veicolo in marcia contro ostacolo fisso;Rettilineo;Una carreggiata a doppio senso;Asciutto;Asfaltata;Assente;Sereno;Normale;Buona;Ore Diurne;0;0;0;2;12.43401;41.84468;-1;1;Autovettura privata;In marcia / fermata / arresto;Passeggero;F;Illeso;0;;;
2315050;15;19/03/2015 16:30;Strada Urbana;VIA DELLA MAGLIANA;all'intersezione con;VIA UGO GUIDO MONDOLFO;VIA UGO GUIDO MONDOLFO;;;Scontro frontale/laterale SX fra veicoli in marcia;Incrocio;Una carreggiata a doppio senso;Asciutto;Asfaltata;Orizzontale;Sereno;Normale;Buona;Ore Diurne;0;0;0;2;12.41968;41.83177;-1;1;Autovettura privata;In marcia / fermata / arresto;Conducente;M;Illeso;0;;;
2315050;15;19/03/2015 16:30;Strada Urbana;VIA DELLA MAGLIANA;all'intersezione con;VIA UGO GUIDO MONDOLFO;VIA UGO GUIDO MONDOLFO;;;Scontro frontale/laterale SX fra veicoli in marcia;Incrocio;Una carreggiata a doppio senso;Asciutto;Asfaltata;Orizzontale;Sereno;Normale;Buona;Ore Diurne;0;0;0;2;12.41968;41.83177;-1;2;Autovettura privata;In marcia / fermata / arresto;Conducente;M;Illeso;0;;;
2315213;5;19/03/2015 16:30;Strada Urbana;VIA TIBURTINA;in corrispondenza;;del civico n.;545/b;;Scontro laterale fra veicoli in marcia;Rettilineo;Una carreggiata a senso unico di marcia;Asciutto;Asfaltata;Temporanea di cantiere;Sereno;Normale;Buona;Ore Diurne;1;0;0;3;12.54252;41.90875;-1;1;Autovettura privata;In marcia / fermata / arresto;Passeggero;M;Illeso;0;;;
2315213;5;19/03/2015 16:30;Strada Urbana;VIA TIBURTINA;in corrispondenza;;del civico n.;545/b;;Scontro laterale fra veicoli in marcia;Rettilineo;Una carreggiata a senso unico di marcia;Asciutto;Asfaltata;Temporanea di cantiere;Sereno;Normale;Buona;Ore Diurne;1;0;0;3;12.54252;41.90875;-1;1;Autovettura privata;In marcia / fermata / arresto;Conducente;M;Illeso;0;;Non accertato;