Protocollo;Gruppo;DataOraIncidente;Localizzazione1;STRADA1;Localizzazione2;STRADA2;Strada02;Chilometrica;DaSpecificare;NaturaIncidente;particolaritastrade;TipoStrada;FondoStradale;Pavimentazione;Segnaletica;CondizioneAtmosferica;Traffico;Visibilita;Illuminazione;NUM_FERITI;NUM_RISERVATA;NUM_MORTI;NUM_ILLESI;Longitudine;Latitudine;Confermato;Progressivo;TipoVeicolo;StatoVeicolo;TipoPersona;Sesso;Tipolesione;Deceduto;DecedutoDopo;CinturaCascoUtilizzato;Airbag
2319122;11;23/03/2015 23:10;Strada Urbana;VIA CRISTOFORO COLOMBO;all'intersezione con;VIA PADRE SEMERIA;VIA PADRE SEMERIA;;;Scontro frontale/laterale DX fra veicoli in marcia;Incrocio;Più di due carreggiate;Asciutto;Asfaltata;Verticale ed orizzontale;Nuvoloso;Scarso;Buona;Sufficiente;2;0;0;4;12.49692;41.86369;-1;1;Autovettura privata;In marcia / fermata / arresto;Conducente;M;Illeso;0;;Non accertato;Inesploso
2319122;11;23/03/2015 23:10;Strada Urbana;VIA CRISTOFORO COLOMBO;all'intersezione con;VIA PADRE SEMERIA;VIA PADRE SEMERIA;;;Scontro frontale/laterale DX fra veicoli in marcia;Incrocio;Più di due carreggiate;Asciutto;Asfaltata;Verticale ed orizzontale;Nuvoloso;Scarso;Buona;Sufficiente;2;0;0;4;12.49692;41.86369;-1;1;Autovettura privata;In marcia / fermata / arresto;Passeggero;F;Illeso;0;;Non accertato;Inesploso
2319122;11;23/03/2015 23:10;Strada Urbana;VIA CRISTOFORO COLOMBO;all'intersezione con;VIA PADRE SEMERIA;VIA PADRE SEMERIA;;;Scontro frontale/laterale DX fra veicoli in marcia;Incrocio;Più di due carreggiate;Asciutto;Asfaltata;Verticale ed orizzontale;Nuvoloso;Scarso;Buona;Sufficiente;2;0;0;4;12.49692;41.86369;-1;1;Autovettura privata;In marcia / fermata / arresto;Passeggero;M;Illeso;0;;Non accertato;Inesploso
2319122;11;23/03/2015 23:10;Strada Urbana;VIA CRISTOFORO COLOMBO;all'intersezione con;VIA PADRE SEMERIA;VIA PADRE SEMERIA;;;Scontro frontale/laterale DX fra veicoli in marcia;Incrocio;Più di due carreggiate;Asciutto;Asfaltata;Verticale ed orizzontale;Nuvoloso;Scarso;Buona;Sufficiente;2;0;0;4;12.49692;41.86369;-1;1;Autovettura privata;In marcia / fermata / arresto;Passeggero;F;Illeso;0;;Non accertato;Inesploso
2319122;11;23/03/2015 23:10;Strada Urbana;VIA CRISTOFORO COLOMBO;all'intersezione con;VIA PADRE SEMERIA;VIA PADRE SEMERIA;;;Scontro frontale/laterale DX fra veicoli in marcia;Incrocio;Più di due carreggiate;Asciutto;Asfaltata;Verticale ed orizzontale;Nuvoloso;Scarso;Buona;Sufficiente;2;0;0;4;12.49692;41.86369;-1;2;Autovettura privata;In marcia / fermata / arresto;Conducente;M;Rimandato;0;NON DECEDUTO;Non accertato;Inesploso
2319122;11;23/03/2015 23:10;Strada Urbana;VIA CRISTOFORO COLOMBO;all'intersezione con;VIA PADRE SEMERIA;VIA PADRE SEMERIA;;;Scontro frontale/laterale DX fra veicoli in marcia;Incrocio;Più di due carreggiate;Asciutto;Asfaltata;Verticale ed orizzontale;Nuvoloso;Scarso;Buona;Sufficiente;2;0;0;4;12.49692;41.86369;-1;2;Autovettura privata;In marcia / fermata / arresto;Passeggero;F;Rimandato;0;NON DECEDUTO;Non accertato;Inesploso
2319123;13;24/03/2015 02:00;Strada Urbana;VIA DI ACILIA;all'intersezione con;VIA POSIDIPPO;VIA POSIDIPPO;;;Scontro frontale/laterale DX fra veicoli in marcia;Incrocio;Una carreggiata a doppio senso;Asciutto;Asfaltata;Orizzontale;Sereno;Scarso;Sufficiente;Insufficiente;0;0;0;3;12.37439;41.76997;-1;1;Autovettura privata;In marcia / fermata / arresto;Conducente;F;Illeso;0;;Non accertato;
2319123;13;24/03/2015 02:00;Strada Urbana;VIA DI ACILIA;all'intersezione con;VIA POSIDIPPO;VIA POSIDIPPO;;;Scontro frontale/laterale DX fra veicoli in marcia;Incrocio;Una carreggiata a doppio senso;Asciutto;Asfaltata;Orizzontale;Sereno;Scarso;Sufficiente;Insufficiente;0;0;0;3;12.37439;41.76997;-1;2;Autovettura privata;In marcia / fermata / arresto;Conducente;M;Illeso;0;;Non accertato;
2319123;13;24/03/2015 02:00;Strada Urbana;VIA DI ACILIA;all'intersezione con;VIA POSIDIPPO;VIA POSIDIPPO;;;Scontro frontale/laterale DX fra veicoli in marcia;Incrocio;Una carreggiata a doppio senso;Asciutto;Asfaltata;Orizzontale;Sereno;Scarso;Sufficiente;Insufficiente;0;0;0;3;12.37439;41.76997;-1;2;Autovettura privata;In marcia / fermata / arresto;Passeggero;M;Illeso;0;;Non accertato;
2319125;10;23/03/2015 18:50;Strada Urbana;VIA TUSCOLANA;all'intersezione semaforizzata con;VIA LUCIO SESTIO;VIA LUCIO SESTIO;;;Scontro laterale fra veicoli in marcia;Intersezione semaforizzata;Due carreggiate;Asciutto;Asfaltata;Verticale ed orizzontale;Sereno;Normale;Buona;Sufficiente;0;0;0;3;12.55714;41.85981;-1;1;Autovettura privata;In marcia / fermata / arresto;Conducente;M;Illeso;0;;Non accertato;Inesploso
2319125;10;23/03/2015 18:50;Strada Urbana;VIA TUSCOLANA;all'intersezione semaforizzata con;VIA LUCIO SESTIO;VIA LUCIO SESTIO;;;Scontro laterale fra veicoli in marcia;Intersezione semaforizzata;Due carreggiate;Asciutto;Asfaltata;Verticale ed orizzontale;Sereno;Normale;Buona;Sufficiente;0;0;0;3;12.55714;41.85981;-1;2;Autovettura privata;In marcia / fermata / arresto;Conducente;M;Illeso;0;;Non accertato;Inesploso
2319125;10;23/03/2015 18:50;Strada Urbana;VIA TUSCOLANA;all'intersezione semaforizzata con;VIA LUCIO SESTIO;VIA LUCIO SESTIO;;;Scontro laterale fra veicoli in marcia;Intersezione semaforizzata;Due carreggiate;Asciutto;Asfaltata;Verticale ed orizzontale;Sereno;Normale;Buona;Sufficiente;0;0;0;3;12.55714;41.85981;-1;2;Autovettura privata;In marcia / fermata / arresto;Passeggero;M;Illeso;0;;Non accertato;Inesploso
2319129;19;23/03/2015 16:15;Strada Urbana;VIA FEDRO;da specificare;;;; prossimità fronte civico 52;Scontro laterale fra veicoli in marcia;Rettilineo;Una carreggiata a doppio senso;Asciutto;Asfaltata;Assente;Sereno;Scarso;Buona;Ore Diurne;0;0;0;2;12.44705;41.91274;-1;1;Autovettura privata;In marcia / fermata / arresto;Conducente;F;Illeso;0;;Non accertato;Inesploso
2319129;19;23/03/2015 16:15;Strada Urbana;VIA FEDRO;da specificare;;;; prossimità fronte civico 52;Scontro laterale fra veicoli in marcia;Rettilineo;Una carreggiata a doppio senso;Asciutto;Asfaltata;Assente;Sereno;Scarso;Buona;Ore Diurne;0;0;0;2;12.44705;41.91274;-1;2;Quadriciclo leggero;In marcia / fermata / arresto;Conducente;F;Illeso;0;;Non accertato;Inesploso
2319131;15;23/03/2015 20:00;Strada Urbana;VIA PIETRO MARONCELLI;all'intersezione con;VIA LUIGI ANGELONI;VIA LUIGI ANGELONI;;;Scontro frontale/laterale SX fra veicoli in marcia;Incrocio;Una carreggiata a senso unico di marcia;Bagnato (pioggia);Asfaltata;Verticale ed orizzontale;Pioggia in atto;Normale;Sufficiente;Sufficiente;2;0;0;1;12.44913;41.85448;-1;1;Autovettura privata;In marcia / fermata / arresto;Conducente;M;Rimandato;0;NON DECEDUTO;Non accertato;Inesploso
2319131;15;23/03/2015 20:00;Strada Urbana;VIA PIETRO MARONCELLI;all'intersezione con;VIA LUIGI ANGELONI;VIA LUIGI ANGELONI;;;Scontro frontale/laterale SX fra veicoli in marcia;Incrocio;Una carreggiata a senso unico di marcia;Bagnato (pioggia);Asfaltata;Verticale ed orizzontale;Pioggia in atto;Normale;Sufficiente;Sufficiente;2;0;0;1;12.44913;41.85448;-1;1;Autovettura privata;In marcia / fermata / arresto;Passeggero;F;Rimandato;0;NON DECEDUTO;;
2319131;15;23/03/2015 20:00;Strada Urbana;VIA PIETRO MARONCELLI;all'intersezione con;VIA LUIGI ANGELONI;VIA LUIGI ANGELONI;;;Scontro frontale/laterale SX fra veicoli in marcia;Incrocio;Una carreggiata a senso unico di marcia;Bagnato (pioggia);Asfaltata;Verticale ed orizzontale;Pioggia in atto;Normale;Sufficiente;Sufficiente;2;0;0;1;12.44913;41.85448;-1;2;Autovettura privata;In marcia / fermata / arresto;Conducente;M;Illeso;0;;;
2319135;13;23/03/2015 17:20;Strada Urbana;VIALE DI CASTEL PORZIANO;in prossimità;;del civico n.;306 I;;Veicolo in marcia contro ostacolo accidentale;Rettilineo;Una carreggiata a doppio senso;Asciutto;Con buche;Assente;Nuvoloso;Normale;Buona;Ore Diurne;0;0;0;1;12.34774;41.73073;-1;1;Autovettura privata;In marcia / fermata / arresto;Conducente;M;Illeso;0;;Non accertato;Inesploso
2319141;13;23/03/2015 19:40;Strada Urbana;VIA FRANCESCO CILEA;in corrispondenza;;del civico n.;3;;Veicolo in marcia contro ostacolo accidentale;Rettilineo;Una carreggiata a doppio senso;Asciutto;Con buche;Assente;Nuvoloso;Normale;Buona;Sufficiente;0;0;0;1;12.37552;41.739;-1;1;Autovettura privata;In marcia / fermata / arresto;Conducente;M;Illeso;0;;Non accertato;Inesploso
2319156;10;24/03/2015 07:20;Strada Urbana;VIA LUCIO SESTIO;all'intersezione con;VIA FABRIZIO LUSCINO;VIA FABRIZIO LUSCINO;;;Scontro frontale/laterale SX fra veicoli in marcia;Incrocio;Una carreggiata a senso unico di marcia;Asciutto;Asfaltata;Verticale ed orizzontale;Sereno;Normale;Buona;Ore Diurne;2;0;0;0;12.55416;41.85685;-1;1;Autovettura privata;In marcia / fermata / arresto;Conducente;M;Rimandato;0;NON DECEDUTO;Non accertato;Esploso
2319156;10;24/03/2015 07:20;Strada Urbana;VIA LUCIO SESTIO;all'intersezione con;VIA FABRIZIO LUSCINO;VIA FABRIZIO LUSCINO;;;Scontro frontale/laterale SX fra veicoli in marcia;Incrocio;Una carreggiata a senso unico di marcia;Asciutto;Asfaltata;Verticale ed orizzontale;Sereno;Normale;Buona;Ore Diurne;2;0;0;0;12.55416;41.85685;-1;2;Autocarro inferiore 35 q.;In marcia / fermata / arresto;Conducente;M;Rifiuta cure immediate;0;NON DECEDUTO;Non accertato;Inesistente
2319158;17;23/03/2015 17:45;Strada Urbana;VIA RUGGERO DI LAURIA;all'intersezione con;VIA FRANCESCO CARACCIOLO;VIA FRANCESCO CARACCIOLO;;;Scontro frontale/laterale SX fra veicoli in marcia;Intersezione stradale segnalata;Una carreggiata a senso unico di marcia;Asciutto;Asfaltata;Verticale ed orizzontale;Nuvoloso;Normale;Buona;Ore Diurne;0;0;0;3;12.45046;41.90838;-1;1;Autovettura privata;In marcia / fermata / arresto;Conducente;M;Illeso;0;;Non accertato;Esploso
2319158;17;23/03/2015 17:45;Strada Urbana;VIA RUGGERO DI LAURIA;all'intersezione con;VIA FRANCESCO CARACCIOLO;VIA FRANCESCO CARACCIOLO;;;Scontro frontale/laterale SX fra veicoli in marcia;Intersezione stradale segnalata;Una carreggiata a senso unico di marcia;Asciutto;Asfaltata;Verticale ed orizzontale;Nuvoloso;Normale;Buona;Ore Diurne;0;0;0;3;12.45046;41.90838;-1;1;Autovettura privata;In marcia / fermata / arresto;Passeggero;F;Illeso;0;;Non accertato;Inesploso
2319158;17;23/03/2015 17:45;Strada Urbana;VIA RUGGERO DI LAURIA;all'intersezione con;VIA FRANCESCO CARACCIOLO;VIA FRANCESCO CARACCIOLO;;;Scontro frontale/laterale SX fra veicoli in marcia;Intersezione stradale segnalata;Una carreggiata a senso unico di marcia;Asciutto;Asfaltata;Verticale ed orizzontale;Nuvoloso;Normale;Buona;Ore Diurne;0;0;0;3;12.45046;41.90838;-1;2;Autovettura privata;In marcia / fermata / arresto;Conducente;F;Illeso;0;;Non accertato;Inesploso
2319163;1;24/03/2015 08:00;Strada Urbana;PIAZZA DI S. GIOVANNI IN LATERANO;in corrispondenza;;del palo luce n.;38;;Scontro laterale fra veicoli in marcia;Rettilineo;Una carreggiata a doppio senso;Asciutto;Asfaltata;Verticale ed orizzontale;Sereno;Normale;Buona;Ore Diurne;1;0;0;3;12.50494;41.88716;-1;1;Autovettura privata;In marcia / fermata / arresto;Conducente;M;Illeso;0;;Non accertato;Inesploso
2319163;1;24/03/2015 08:00;Strada Urbana;PIAZZA DI S. GIOVANNI IN LATERANO;in corrispondenza;;del palo luce n.;38;;Scontro laterale fra veicoli in marcia;Rettilineo;Una carreggiata a doppio senso;Asciutto;Asfaltata;Verticale ed orizzontale;Sereno;Normale;Buona;Ore Diurne;1;0;0;3;12.50494;41.88716;-1;1;Autovettura privata;In marcia / fermata / arresto;Passeggero;M;Illeso;0;;Non accertato;
2319163;1;24/03/2015 08:00;Strada Urbana;PIAZZA DI S. GIOVANNI IN LATERANO;in corrispondenza;;del palo luce n.;38;;Scontro laterale fra veicoli in marcia;Rettilineo;Una carreggiata a doppio senso;Asciutto;Asfaltata;Verticale ed orizzontale;Sereno;Normale;Buona;Ore Diurne;1;0;0;3;12.50494;41.88716;-1;1;Autovettura privata;In marcia / fermata / arresto;Passeggero;F;Illeso;0;;Non accertato;Inesploso
2319163;1;24/03/2015 08:00;Strada Urbana;PIAZZA DI S. GIOVANNI IN LATERANO;in corrispondenza;;del palo luce n.;38;;Scontro laterale fra veicoli in marcia;Rettilineo;Una carreggiata a doppio senso;Asciutto;Asfaltata;Verticale ed orizzontale;Sereno;Normale;Buona;Ore Diurne;1;0;0;3;12.50494;41.88716;-1;2;Motociclo a solo;In marcia / fermata / arresto;Conducente;F;Rimandato;0;NON DECEDUTO;Non accertato;
2319173;17;23/03/2015 22:00;Strada Urbana;LUNGOTEVERE DELLA VITTORIA;in prossimità;;del civico n.;10b;;Tamponamento;Rettilineo;Due carreggiate;Asciutto;Asfaltata;Verticale ed orizzontale;Sereno;Scarso;Sufficiente;Sufficiente;1;0;0;3;12.4642;41.92155;-1;1;Autovettura privata;In marcia / fermata / arresto;Conducente;F;Illeso;0;;;Inesploso
2319173;17;23/03/2015 22:00;Strada Urbana;LUNGOTEVERE DELLA VITTORIA;in prossimità;;del civico n.;10b;;Tamponamento;Rettilineo;Due carreggiate;Asciutto;Asfaltata;Verticale ed orizzontale;Sereno;Scarso;Sufficiente;Sufficiente;1;0;0;3;12.4642;41.92155;-1;1;Autovettura privata;In marcia / fermata / arresto;Passeggero;F;Illeso;0;;;
2319173;17;23/03/2015 22:00;Strada Urbana;LUNGOTEVERE DELLA VITTORIA;in prossimità;;del civico n.;10b;;Tamponamento;Rettilineo;Due carreggiate;Asciutto;Asfaltata;Verticale ed orizzontale;Sereno;Scarso;Sufficiente;Sufficiente;1;0;0;3;12.4642;41.92155;-1;1;Autovettura privata;In marcia / fermata / arresto;Passeggero;F;Illeso;0;;;Inesploso
2319173;17;23/03/2015 22:00;Strada Urbana;LUNGOTEVERE DELLA VITTORIA;in prossimità;;del civico n.;10b;;Tamponamento;Rettilineo;Due carreggiate;Asciutto;Asfaltata;Verticale ed orizzontale;Sereno;Scarso;Sufficiente;Sufficiente;1;0;0;3;12.4642;41.92155;-1;2;Autovettura privata;In marcia / fermata / arresto;Conducente;F;Rimandato;0;NON DECEDUTO;;
2319175;20;23/03/2015 09:05;Strada Urbana;VIA DEL LABARO;in corrispondenza;;del civico n.;193;;Scontro laterale fra veicoli in marcia;Rettilineo;Una carreggiata a senso unico di marcia;Asciutto;Asfaltata;Verticale;Sereno;Scarso;Buona;Ore Diurne;1;0;0;2;12.49007;41.99239;-1;1;Motociclo con passeggero;In marcia / fermata / arresto;Conducente;M;Illeso;0;;Utilizzato;
2319175;20;23/03/2015 09:05;Strada Urbana;VIA DEL LABARO;in corrispondenza;;del civico n.;193;;Scontro laterale fra veicoli in marcia;Rettilineo;Una carreggiata a senso unico di marcia;Asciutto;Asfaltata;Verticale;Sereno;Scarso;Buona;Ore Diurne;1;0;0;2;12.49007;41.99239;-1;1;Motociclo con passeggero;In marcia / fermata / arresto;Passeggero;F;Rimandato;0;NON DECEDUTO;Utilizzato;
2319175;20;23/03/2015 09:05;Strada Urbana;VIA DEL LABARO;in corrispondenza;;del civico n.;193;;Scontro laterale fra veicoli in marcia;Rettilineo;Una carreggiata a senso unico di marcia;Asciutto;Asfaltata;Verticale;Sereno;Scarso;Buona;Ore Diurne;1;0;0;2;12.49007;41.99239;-1;2;Autovettura privata;In marcia / fermata / arresto;Conducente;F;Illeso;0;;Non accertato;Inesploso
2319179;1;22/03/2015 17:05;Strada Urbana;PIAZZA DI PORTA CAPENA;all'intersezione semaforizzata con;VIA DI S. GREGORIO;VIA DI S. GREGORIO;;;Scontro laterale fra veicoli in marcia;Intersezione semaforizzata;Una carreggiata a doppio senso;Asciutto;Asfaltata;Verticale ed orizzontale;Sereno;Normale;Buona;Ore Diurne;1;0;0;1;12.49;41.88422;-1;1;Motociclo a solo;In marcia / fermata / arresto;Conducente;M;Rimandato;0;NON DECEDUTO;;
2319179;1;22/03/2015 17:05;Strada Urbana;PIAZZA DI PORTA CAPENA;all'intersezione semaforizzata con;VIA DI S. GREGORIO;VIA DI S. GREGORIO;;;Scontro laterale fra veicoli in marcia;Intersezione semaforizzata;Una carreggiata a doppio senso;Asciutto;Asfaltata;Verticale ed orizzontale;Sereno;Normale;Buona;Ore Diurne;1;0;0;1;12.49;41.88422;-1;2;Autovettura privata;In marcia / fermata / arresto;Conducente;M;Illeso;0;;;
2319188;7;23/03/2015 09:00;Strada Urbana;VIA CASILINA;all'intersezione con;PIAZZA SOR CAPANNA;PIAZZA SOR CAPANNA;;;Scontro frontale/laterale SX fra veicoli in marcia;Incrocio;Due carreggiate;Asciutto;Asfaltata;Verticale ed orizzontale;Sereno;Normale;Buona;Ore Diurne;0;0;0;2;12.57795;41.87097;-1;1;Autocarro superiore 35 q.;In marcia / fermata / arresto;Conducente;M;Illeso;0;;Non accertato;Inesploso
2319188;7;23/03/2015 09:00;Strada Urbana;VIA CASILINA;all'intersezione con;PIAZZA SOR CAPANNA;PIAZZA SOR CAPANNA;;;Scontro frontale/laterale SX fra veicoli in marcia;Incrocio;Due carreggiate;Asciutto;Asfaltata;Verticale ed orizzontale;Sereno;Normale;Buona;Ore Diurne;0;0;0;2;12.57795;41.87097;-1;2;Autovettura privata;In marcia / fermata / arresto;Conducente;M;Illeso;0;;Non accertato;Inesistente
2319199;4;23/03/2015 17:35;Strada Urbana;VIA NOMENTANA;da specificare;;;;prossimità tangenz. est dir. Foro Italico;Scontro laterale fra veicoli in marcia;Rettilineo;Due carreggiate;Asciutto;Asfaltata;Verticale ed orizzontale;Sereno;Intenso;Buona;Ore Diurne;0;0;0;4;12.52684;41.93023;-1;1;Motociclo a solo;In marcia / fermata / arresto;Conducente;M;Illeso;0;;Non accertato;
2319199;4;23/03/2015 17:35;Strada Urbana;VIA NOMENTANA;da specificare;;;;prossimità tangenz. est dir. Foro Italico;Scontro laterale fra veicoli in marcia;Rettilineo;Due carreggiate;Asciutto;Asfaltata;Verticale ed orizzontale;Sereno;Intenso;Buona;Ore Diurne;0;0;0;4;12.52684;41.93023;-1;2;Autocarro inferiore 35 q.;In marcia / fermata / arresto;Conducente;M;Illeso;0;;Non accertato;
2319199;4;23/03/2015 17:35;Strada Urbana;VIA NOMENTANA;da specificare;;;;prossimità tangenz. est dir. Foro Italico;Scontro laterale fra veicoli in marcia;Rettilineo;Due carreggiate;Asciutto;Asfaltata;Verticale ed orizzontale;Sereno;Intenso;Buona;Ore Diurne;0;0;0;4;12.52684;41.93023;-1;2;Autocarro inferiore 35 q.;In marcia / fermata / arresto;Passeggero;M;Illeso;0;;;
2319199;4;23/03/2015 17:35;Strada Urbana;VIA NOMENTANA;da specificare;;;;prossimità tangenz. est dir. Foro Italico;Scontro laterale fra veicoli in marcia;Rettilineo;Due carreggiate;Asciutto;Asfaltata;Verticale ed orizzontale;Sereno;Intenso;Buona;Ore Diurne;0;0;0;4;12.52684;41.93023;-1;2;Autocarro inferiore 35 q.;In marcia / fermata / arresto;Passeggero;M;Illeso;0;;Non accertato;
2319206;1;22/03/2015 21:15;Strada Urbana;PIAZZA DELL'ESQUILINO;all'intersezione semaforizzata con;VIA CAVOUR;VIA CAVOUR;;;Scontro laterale fra veicoli in marcia;Intersezione semaforizzata;Una carreggiata a doppio senso;Asciutto;Asfaltata;Verticale ed orizzontale;Sereno;Scarso;Buona;Sufficiente;0;0;0;2;12.49836;41.89823;-1;1;Autovettura privata;In marcia / fermata / arresto;Conducente;M;Illeso;0;;;
2319206;1;22/03/2015 21:15;Strada Urbana;PIAZZA DELL'ESQUILINO;all'intersezione semaforizzata con;VIA CAVOUR;VIA CAVOUR;;;Scontro laterale fra veicoli in marcia;Intersezione semaforizzata;Una carreggiata a doppio senso;Asciutto;Asfaltata;Verticale ed orizzontale;Sereno;Scarso;Buona;Sufficiente;0;0;0;2;12.49836;41.89823;-1;2;Autovettura privata;In marcia / fermata / arresto;Conducente;M;Illeso;0;;;
2319210;18;19/03/2015 21:30;Strada Urbana;VIA GREGORIO VII;in prossimità;;del civico n.;348;;Tamponamento;Rettilineo;Più di due carreggiate;Asciutto;Asfaltata;Verticale ed orizzontale;Sereno;Scarso;Sufficiente;Sufficiente;0;0;0;2;12.43671;41.89381;-1;1;Autovettura privata;In marcia / fermata / arresto;Conducente;M;Illeso;0;;Non accertato;
2319210;18;19/03/2015 21:30;Strada Urbana;VIA GREGORIO VII;in prossimità;;del civico n.;348;;Tamponamento;Rettilineo;Più di due carreggiate;Asciutto;Asfaltata;Verticale ed orizzontale;Sereno;Scarso;Sufficiente;Sufficiente;0;0;0;2;12.43671;41.89381;-1;2;Autovettura privata;In marcia / fermata / arresto;Conducente;F;Illeso;0;;Non accertato;
2319236;4;23/03/2015 08:30;Strada Urbana;VIALE ADRIATICO;all'intersezione con;VIA PERALBA;VIA PERALBA;;;Scontro laterale fra veicoli in marcia;Incrocio;Una carreggiata a senso unico di marcia;Asciutto;Asfaltata;Orizzontale;Sereno;Scarso;Buona;Ore Diurne;1;0;0;2;12.53606;41.94023;-1;1;Motociclo a solo;In marcia / fermata / arresto;Conducente;M;Rimandato;0;NON DECEDUTO;Non accertato;
2319236;4;23/03/2015 08:30;Strada Urbana;VIALE ADRIATICO;all'intersezione con;VIA PERALBA;VIA PERALBA;;;Scontro laterale fra veicoli in marcia;Incrocio;Una carreggiata a senso unico di marcia;Asciutto;Asfaltata;Orizzontale;Sereno;Scarso;Buona;Ore Diurne;1;0;0;2;12.53606;41.94023;-1;2;Autovettura privata;In marcia / fermata / arresto;Conducente;M;Illeso;0;;Non accertato;Inesploso
2319236;4;23/03/2015 08:30;Strada Urbana;VIALE ADRIATICO;all'intersezione con;VIA PERALBA;VIA PERALBA;;;Scontro laterale fra veicoli in marcia;Incrocio;Una carreggiata a senso unico di marcia;Asciutto;Asfaltata;Orizzontale;Sereno;Scarso;Buona;Ore Diurne;1;0;0;2;12.53606;41.94023;-1;2;Autovettura privata;In marcia / fermata / arresto;Passeggero;M;Illeso;0;;Non accertato;Inesploso
2319241;20;23/03/2015 08:24;Regionale entro l'abitato;VIA CASSIA;da specificare;;;;altezza RAMPA GRA dir. FLAMINIA;Scontro frontale/laterale DX fra veicoli in marcia;Rettilineo;Una carreggiata a doppio senso;Asciutto;Asfaltata;Verticale ed orizzontale;Sereno;Intenso;Buona;Ore Diurne;0;0;0;3;12.42374;41.97765;-1;1;Autovettura privata;In marcia / fermata / arresto;Conducente;M;Illeso;0;;Non accertato;Inesploso
2319241;20;23/03/2015 08:24;Regionale entro l'abitato;VIA CASSIA;da specificare;;;;altezza RAMPA GRA dir. FLAMINIA;Scontro frontale/laterale DX fra veicoli in marcia;Rettilineo;Una carreggiata a doppio senso;Asciutto;Asfaltata;Verticale ed orizzontale;Sereno;Intenso;Buona;Ore Diurne;0;0;0;3;12.42374;41.97765;-1;1;Autovettura privata;In marcia / fermata / arresto;Passeggero;F;Illeso;0;;;
2319241;20;23/03/2015 08:24;Regionale entro l'abitato;VIA CASSIA;da specificare;;;;altezza RAMPA GRA dir. FLAMINIA;Scontro frontale/laterale DX fra veicoli in marcia;Rettilineo;Una carreggiata a doppio senso;Asciutto;Asfaltata;Verticale ed orizzontale;Sereno;Intenso;Buona;Ore Diurne;0;0;0;3;12.42374;41.97765;-1;2;Motociclo a solo;In marcia / fermata / arresto;Conducente;M;Illeso;0;;Utilizzato;
2319245;9;24/03/2015 08:30;Strada Urbana;VIA CERVETERI;da specificare;;;;fronte 53;Investimento di pedone;Rettilineo;Due carreggiate;Asciutto;Asfaltata;Orizzontale;Nuvoloso;Intenso;Buona;Ore Diurne;1;0;0;1;12.51185;41.88155;-1;;;;Pedone;F;Ricoverato;0;NON DECEDUTO;;
2319245;9;24/03/2015 08:30;Strada Urbana;VIA CERVETERI;da specificare;;;;fronte 53;Investimento di pedone;Rettilineo;Due carreggiate;Asciutto;Asfaltata;Orizzontale;Nuvoloso;Intenso;Buona;Ore Diurne;1;0;0;1;12.51185;41.88155;-1;1;Motociclo a solo;In marcia / fermata / arresto;Conducente;M;Illeso;0;;Non accertato;
2319253;12;21/03/2015 17:40;Statale entro l'abitato;VIA OSTIENSE;in corrispondenza;;del civico n.;813;;Scontro frontale/laterale SX fra veicoli in marcia;Rettilineo;Una carreggiata a doppio senso;Asciutto;Asfaltata;Verticale ed orizzontale;Sereno;Normale;Buona;Ore Diurne;0;0;0;2;12.45998;41.83746;-1;1;Motociclo a solo;In marcia / fermata / arresto;Conducente;M;Illeso;0;;Utilizzato;
2319253;12;21/03/2015 17:40;Statale entro l'abitato;VIA OSTIENSE;in corrispondenza;;del civico n.;813;;Scontro frontale/laterale SX fra veicoli in marcia;Rettilineo;Una carreggiata a doppio senso;Asciutto;Asfaltata;Verticale ed orizzontale;Sereno;Normale;Buona;Ore Diurne;0;0;0;2;12.45998;41.83746;-1;2;Autovettura privata;In marcia / fermata / arresto;Conducente;M;Illeso;0;;Utilizzato;Inesploso
2319256;1;23/03/2015 15:15;Strada Urbana;VIA DRUSO;da specificare;;;;in prossimità albero n 28;Tamponamento Multiplo;Rettilineo;Una carreggiata a doppio senso;Asciutto;Asfaltata;Verticale ed orizzontale;Sereno;Normale;Buona;Ore Diurne;0;0;0;3;12.49709;41.88099;-1;1;Autovettura privata;In marcia / fermata / arresto;Conducente;M;Illeso;0;;Non accertato;Inesploso
2319256;1;23/03/2015 15:15;Strada Urbana;VIA DRUSO;da specificare;;;;in prossimità albero n 28;Tamponamento Multiplo;Rettilineo;Una carreggiata a doppio senso;Asciutto;Asfaltata;Verticale ed orizzontale;Sereno;Normale;Buona;Ore Diurne;0;0;0;3;12.49709;41.88099;-1;2;Autovettura privata;In marcia / fermata / arresto;Conducente;F;Illeso;0;;Non accertato;Inesploso
2319256;1;23/03/2015 15:15;Strada Urbana;VIA DRUSO;da specificare;;;;in prossimità albero n 28;Tamponamento Multiplo;Rettilineo;Una carreggiata a doppio senso;Asciutto;Asfaltata;Verticale ed orizzontale;Sereno;Normale;Buona;Ore Diurne;0;0;0;3;12.49709;41.88099;-1;3;Autovettura privata;In marcia / fermata / arresto;Conducente;M;Illeso;0;;Non accertato;Inesploso