Protocollo;Gruppo;DataOraIncidente;Localizzazione1;STRADA1;Localizzazione2;STRADA2;Strada02;Chilometrica;DaSpecificare;NaturaIncidente;particolaritastrade;TipoStrada;FondoStradale;Pavimentazione;Segnaletica;CondizioneAtmosferica;Traffico;Visibilita;Illuminazione;NUM_FERITI;NUM_RISERVATA;NUM_MORTI;NUM_ILLESI;Longitudine;Latitudine;Confermato;Progressivo;TipoVeicolo;StatoVeicolo;TipoPersona;Sesso;Tipolesione;Deceduto;DecedutoDopo;CinturaCascoUtilizzato;Airbag
2324191;17;28/03/2015 09:50;Strada Urbana;VIALE DEGLI AMMIRAGLI;all'intersezione con;VIA ANGELO EMO;VIA ANGELO EMO;;;Scontro frontale/laterale DX fra veicoli in marcia;Incrocio;Due carreggiate;Asciutto;Asfaltata;Verticale ed orizzontale;Sereno;Normale;Buona;Ore Diurne;0;0;0;5;12.44583;41.90419;-1;2;Autovettura privata;In marcia / fermata / arresto;Passeggero;F;Illeso;0;;Non accertato;Inesploso
2324191;17;28/03/2015 09:50;Strada Urbana;VIALE DEGLI AMMIRAGLI;all'intersezione con;VIA ANGELO EMO;VIA ANGELO EMO;;;Scontro frontale/laterale DX fra veicoli in marcia;Incrocio;Due carreggiate;Asciutto;Asfaltata;Verticale ed orizzontale;Sereno;Normale;Buona;Ore Diurne;0;0;0;5;12.44583;41.90419;-1;2;Autovettura privata;In marcia / fermata / arresto;Passeggero;F;Illeso;0;;Non accertato;Inesploso
2324198;17;27/03/2015 12:20;Strada Urbana;VIALE DELLE MEDAGLIE D'ORO;in corrispondenza;;del civico n.;57;;Scontro laterale fra veicoli in marcia;Rettilineo;Una carreggiata a doppio senso;Asciutto;Asfaltata;Verticale ed orizzontale;Nuvoloso;Normale;Buona;Ore Diurne;0;0;0;2;12.44552;41.91095;-1;1;Autovettura privata;In marcia / fermata / arresto;Conducente;M;Illeso;0;;Non accertato;Inesploso
2324198;17;27/03/2015 12:20;Strada Urbana;VIALE DELLE MEDAGLIE D'ORO;in corrispondenza;;del civico n.;57;;Scontro laterale fra veicoli in marcia;Rettilineo;Una carreggiata a doppio senso;Asciutto;Asfaltata;Verticale ed orizzontale;Nuvoloso;Normale;Buona;Ore Diurne;0;0;0;2;12.44552;41.91095;-1;2;Motociclo a solo;In marcia / fermata / arresto;Conducente;M;Illeso;0;;Non accertato;
2324200;7;28/03/2015 05:50;Strada Urbana;VIA PRENESTINA;all'intersezione semaforizzata con;VIALE GIORGIO DE CHIRICO;VIALE GIORGIO DE CHIRICO;;;Tamponamento;Intersezione semaforizzata;Una carreggiata a doppio senso;Asciutto;Asfaltata;Verticale ed orizzontale;Nuvoloso;Scarso;Buona;Ore Diurne;1;0;0;1;12.5905;41.89419;-1;1;Autovettura privata;In marcia / fermata / arresto;Conducente;M;Illeso;0;;Non accertato;Inesploso
2324200;7;28/03/2015 05:50;Strada Urbana;VIA PRENESTINA;all'intersezione semaforizzata con;VIALE GIORGIO DE CHIRICO;VIALE GIORGIO DE CHIRICO;;;Tamponamento;Intersezione semaforizzata;Una carreggiata a doppio senso;Asciutto;Asfaltata;Verticale ed orizzontale;Nuvoloso;Scarso;Buona;Ore Diurne;1;0;0;1;12.5905;41.89419;-1;2;Autovettura privata;In marcia / fermata / arresto;Conducente;F;Rimandato;0;NON DECEDUTO;Non accertato;Inesploso
2324204;17;26/03/2015 21:05;Strada Urbana;VIA ANASTASIO II;in prossimità;;del civico n.;44;;Veicolo in marcia contro veicolo in sosta;Rettilineo;Due carreggiate;Asciutto;Asfaltata;Verticale ed orizzontale;Sereno;Normale;Insufficiente;Insufficiente;0;0;0;1;12.4399;41.89637;-1;1;Autovettura privata;In marcia / fermata / arresto;Conducente;M;Illeso;0;;;
2324226;17;27/03/2015 16:00;Strada Urbana;PIAZZA DEI MARTIRI DI BELFIORE;da specificare;;;;fronte nr. civ. 12;Scontro laterale fra veicoli in marcia;Rettilineo;Una carreggiata a doppio senso;Bagnato (pioggia);Asfaltata;Verticale ed orizzontale;Pioggia in atto;Normale;Buona;Ore Diurne;1;0;0;1;12.46684;41.915;-1;1;Autocarro inferiore 35 q.;In marcia / fermata / arresto;Conducente;M;Illeso;0;;Non accertato;Inesploso
2324226;17;27/03/2015 16:00;Strada Urbana;PIAZZA DEI MARTIRI DI BELFIORE;da specificare;;;;fronte nr. civ. 12;Scontro laterale fra veicoli in marcia;Rettilineo;Una carreggiata a doppio senso;Bagnato (pioggia);Asfaltata;Verticale ed orizzontale;Pioggia in atto;Normale;Buona;Ore Diurne;1;0;0;1;12.46684;41.915;-1;2;Motociclo a solo;In marcia / fermata / arresto;Conducente;F;Rimandato;0;NON DECEDUTO;Non accertato;
2324379;13;27/03/2015 17:20;Strada Urbana;VIA FRANCESCO SAVERIO ALTAMURA;in prossimità;;del civico n.;44;;Scontro frontale/laterale DX fra veicoli in marcia;Rettilineo;Due carreggiate;Asciutto;Asfaltata;Orizzontale;Nuvoloso;Intenso;Buona;Ore Diurne;0;0;0;4;12.36044;41.78022;-1;1;Motociclo con passeggero;In marcia / fermata / arresto;Conducente;M;Illeso;0;;Utilizzato;
2324379;13;27/03/2015 17:20;Strada Urbana;VIA FRANCESCO SAVERIO ALTAMURA;in prossimità;;del civico n.;44;;Scontro frontale/laterale DX fra veicoli in marcia;Rettilineo;Due carreggiate;Asciutto;Asfaltata;Orizzontale;Nuvoloso;Intenso;Buona;Ore Diurne;0;0;0;4;12.36044;41.78022;-1;1;Motociclo con passeggero;In marcia / fermata / arresto;Passeggero;M;Illeso;0;;Utilizzato;
2324379;13;27/03/2015 17:20;Strada Urbana;VIA FRANCESCO SAVERIO ALTAMURA;in prossimità;;del civico n.;44;;Scontro frontale/laterale DX fra veicoli in marcia;Rettilineo;Due carreggiate;Asciutto;Asfaltata;Orizzontale;Nuvoloso;Intenso;Buona;Ore Diurne;0;0;0;4;12.36044;41.78022;-1;2;Autovettura privata;In marcia / fermata / arresto;Conducente;M;Illeso;0;;Non accertato;Inesploso
2324379;13;27/03/2015 17:20;Strada Urbana;VIA FRANCESCO SAVERIO ALTAMURA;in prossimità;;del civico n.;44;;Scontro frontale/laterale DX fra veicoli in marcia;Rettilineo;Due carreggiate;Asciutto;Asfaltata;Orizzontale;Nuvoloso;Intenso;Buona;Ore Diurne;0;0;0;4;12.36044;41.78022;-1;2;Autovettura privata;In marcia / fermata / arresto;Passeggero;F;Illeso;0;;Non accertato;Inesploso
2324433;1;28/03/2015 03:00;Strada Urbana;PIAZZA DI S. GIOVANNI IN LATERANO;all'intersezione semaforizzata con;VIA MERULANA;VIA MERULANA;;;Scontro frontale/laterale SX fra veicoli in marcia;Incrocio;Una carreggiata a doppio senso;Asciutto;Asfaltata;Verticale ed orizzontale;Sereno;Scarso;Buona;Sufficiente;1;0;0;1;12.50458;41.88723;-1;1;Autovettura privata;In marcia / fermata / arresto;Conducente;M;Rimandato;0;NON DECEDUTO;Non accertato;Inesistente
2324433;1;28/03/2015 03:00;Strada Urbana;PIAZZA DI S. GIOVANNI IN LATERANO;all'intersezione semaforizzata con;VIA MERULANA;VIA MERULANA;;;Scontro frontale/laterale SX fra veicoli in marcia;Incrocio;Una carreggiata a doppio senso;Asciutto;Asfaltata;Verticale ed orizzontale;Sereno;Scarso;Buona;Sufficiente;1;0;0;1;12.50458;41.88723;-1;2;Autovettura privata;In marcia / fermata / arresto;Conducente;M;Illeso;0;;Non accertato;Inesistente
2324437;15;27/03/2015 09:30;Strada Urbana;VIA DI PONTE GALERIA;da specificare;;;;prossimità Via Pitentino;Veicolo in marcia contro ostacolo accidentale;Rettilineo;Una carreggiata a doppio senso;Asciutto;Con buche;Assente;Nuvoloso;Scarso;Buona;Ore Diurne;0;0;0;1;12.34603;41.81871;-1;1;Autovettura privata;In marcia / fermata / arresto;Conducente;F;Illeso;0;;;
2324439;15;27/03/2015 17:15;Strada Urbana;VIA PIETRO FRATTINI;in corrispondenza;;del civico n.;29;;Scontro laterale fra veicoli in marcia;Rettilineo;Una carreggiata a doppio senso;Asciutto;Asfaltata;Orizzontale;Nuvoloso;Normale;Buona;Ore Diurne;0;0;0;2;12.44697;41.85523;-1;1;Autovettura privata;In marcia / fermata / arresto;Conducente;F;Illeso;0;;Utilizzato;
2324439;15;27/03/2015 17:15;Strada Urbana;VIA PIETRO FRATTINI;in corrispondenza;;del civico n.;29;;Scontro laterale fra veicoli in marcia;Rettilineo;Una carreggiata a doppio senso;Asciutto;Asfaltata;Orizzontale;Nuvoloso;Normale;Buona;Ore Diurne;0;0;0;2;12.44697;41.85523;-1;2;Autovettura privata;In marcia / fermata / arresto;Conducente;F;Illeso;0;;Utilizzato;
2324443;15;27/03/2015 14:40;Strada Urbana;VIA ANTONIO ROITI;in prossimità;;del civico n.;16;;Tamponamento;Rettilineo;Una carreggiata a senso unico di marcia;Bagnato (pioggia);Asfaltata;Assente;Pioggia in atto;Normale;Buona;Ore Diurne;0;0;0;4;12.46922;41.86237;-1;1;Autovettura privata;In marcia / fermata / arresto;Conducente;M;Illeso;0;;Utilizzato;Inesploso
2324443;15;27/03/2015 14:40;Strada Urbana;VIA ANTONIO ROITI;in prossimità;;del civico n.;16;;Tamponamento;Rettilineo;Una carreggiata a senso unico di marcia;Bagnato (pioggia);Asfaltata;Assente;Pioggia in atto;Normale;Buona;Ore Diurne;0;0;0;4;12.46922;41.86237;-1;1;Autovettura privata;In marcia / fermata / arresto;Passeggero;F;Illeso;0;;Non accertato;Inesploso
2324443;15;27/03/2015 14:40;Strada Urbana;VIA ANTONIO ROITI;in prossimità;;del civico n.;16;;Tamponamento;Rettilineo;Una carreggiata a senso unico di marcia;Bagnato (pioggia);Asfaltata;Assente;Pioggia in atto;Normale;Buona;Ore Diurne;0;0;0;4;12.46922;41.86237;-1;2;Autovettura privata;In marcia / fermata / arresto;Conducente;F;Illeso;0;;Utilizzato;Inesploso
2324443;15;27/03/2015 14:40;Strada Urbana;VIA ANTONIO ROITI;in prossimità;;del civico n.;16;;Tamponamento;Rettilineo;Una carreggiata a senso unico di marcia;Bagnato (pioggia);Asfaltata;Assente;Pioggia in atto;Normale;Buona;Ore Diurne;0;0;0;4;12.46922;41.86237;-1;2;Autovettura privata;In marcia / fermata / arresto;Passeggero;M;Illeso;0;;Utilizzato;Inesploso
2324448;15;27/03/2015 21:25;Strada Urbana;VIA DI CASTEL MALNOME;da specificare;;;;100 mt. dopo tiro al volo Pisana;Veicolo in marcia contro ostacolo accidentale;Curva a visuale libera;Una carreggiata a doppio senso;Viscido da liquidi oleosi;Asfaltata;Assente;Sereno;Scarso;Insufficiente;Inesistente;1;0;0;1;12.33011;41.838;-1;1;Motociclo con passeggero;In marcia / fermata / arresto;Conducente;M;Illeso;0;;Utilizzato;
2324448;15;27/03/2015 21:25;Strada Urbana;VIA DI CASTEL MALNOME;da specificare;;;;100 mt. dopo tiro al volo Pisana;Veicolo in marcia contro ostacolo accidentale;Curva a visuale libera;Una carreggiata a doppio senso;Viscido da liquidi oleosi;Asfaltata;Assente;Sereno;Scarso;Insufficiente;Inesistente;1;0;0;1;12.33011;41.838;-1;1;Motociclo con passeggero;In marcia / fermata / arresto;Passeggero;M;Rimandato;0;NON DECEDUTO;Non accertato;
2324456;15;27/03/2015 16:10;Strada Urbana;VIA DOMENICO LUPATELLI;in prossimità;;del civico n.;62;;Veicolo in marcia contro veicolo in sosta;Rettilineo;Una carreggiata a doppio senso;Asciutto;Asfaltata;Orizzontale;Nuvoloso;Scarso;Buona;Ore Diurne;0;0;0;2;12.45381;41.85067;-1;2;Autovettura privata;In marcia / fermata / arresto;Conducente;M;Illeso;0;;;
2324456;15;27/03/2015 16:10;Strada Urbana;VIA DOMENICO LUPATELLI;in prossimità;;del civico n.;62;;Veicolo in marcia contro veicolo in sosta;Rettilineo;Una carreggiata a doppio senso;Asciutto;Asfaltata;Orizzontale;Nuvoloso;Scarso;Buona;Ore Diurne;0;0;0;2;12.45381;41.85067;-1;2;Autovettura privata;In marcia / fermata / arresto;Passeggero;F;Illeso;0;;;
2324515;1;27/03/2015 23:50;Strada Urbana;VIA DEI LATERANI;all'intersezione con;VIA DELL'AMBA ARADAM;VIA DELL'AMBA ARADAM;;;Veicolo in marcia contro ostacolo accidentale;Incrocio;Una carreggiata a doppio senso;Asciutto;Asfaltata;Verticale ed orizzontale;Nuvoloso;Scarso;Sufficiente;Sufficiente;0;0;0;3;12.50292;41.88566;-1;1;Autovettura privata;In marcia / fermata / arresto;Conducente;M;Illeso;0;;Non accertato;Inesploso
2324515;1;27/03/2015 23:50;Strada Urbana;VIA DEI LATERANI;all'intersezione con;VIA DELL'AMBA ARADAM;VIA DELL'AMBA ARADAM;;;Veicolo in marcia contro ostacolo accidentale;Incrocio;Una carreggiata a doppio senso;Asciutto;Asfaltata;Verticale ed orizzontale;Nuvoloso;Scarso;Sufficiente;Sufficiente;0;0;0;3;12.50292;41.88566;-1;1;Autovettura privata;In marcia / fermata / arresto;Passeggero;M;Illeso;0;;Non accertato;Inesploso
2324515;1;27/03/2015 23:50;Strada Urbana;VIA DEI LATERANI;all'intersezione con;VIA DELL'AMBA ARADAM;VIA DELL'AMBA ARADAM;;;Veicolo in marcia contro ostacolo accidentale;Incrocio;Una carreggiata a doppio senso;Asciutto;Asfaltata;Verticale ed orizzontale;Nuvoloso;Scarso;Sufficiente;Sufficiente;0;0;0;3;12.50292;41.88566;-1;1;Autovettura privata;In marcia / fermata / arresto;Passeggero;F;Illeso;0;;Non accertato;Inesploso
2324519;12;26/03/2015 15:15;Strada Urbana;VIALE DELL'OCEANO ATLANTICO;all'intersezione semaforizzata con;VIA CRISTOFORO COLOMBO;VIA CRISTOFORO COLOMBO;;;Scontro laterale fra veicoli in marcia;Intersezione semaforizzata;Una carreggiata a senso unico di marcia;Asciutto;Asfaltata;Verticale ed orizzontale;Sereno;Normale;Buona;Ore Diurne;0;0;0;2;12.46304;41.81854;-1;1;Autovettura privata;In marcia / fermata / arresto;Conducente;F;Illeso;0;;Utilizzato;Inesploso
2324519;12;26/03/2015 15:15;Strada Urbana;VIALE DELL'OCEANO ATLANTICO;all'intersezione semaforizzata con;VIA CRISTOFORO COLOMBO;VIA CRISTOFORO COLOMBO;;;Scontro laterale fra veicoli in marcia;Intersezione semaforizzata;Una carreggiata a senso unico di marcia;Asciutto;Asfaltata;Verticale ed orizzontale;Sereno;Normale;Buona;Ore Diurne;0;0;0;2;12.46304;41.81854;-1;2;Autovettura privata;In marcia / fermata / arresto;Conducente;M;Illeso;0;;Utilizzato;Inesploso
2324535;1;27/03/2015 16:00;Strada Urbana;VIA DELLA FERRATELLA IN LATERANO;all'intersezione semaforizzata con;VIA DEI LATERANI;VIA DEI LATERANI;;;Veicolo in marcia contro ostacolo fisso;Intersezione semaforizzata;Una carreggiata a senso unico di marcia;Asciutto;Asfaltata;Verticale ed orizzontale;Nuvoloso;Normale;Buona;Ore Diurne;0;0;0;1;12.50062;41.88319;-1;1;Autovettura privata;In marcia / fermata / arresto;Conducente;F;Illeso;0;;Non accertato;
2324545;1;28/03/2015 01:00;Strada Urbana;VIA DELLE TERME DI TRAIANO;all'intersezione con;VIALE DEL MONTE OPPIO;VIALE DEL MONTE OPPIO;;;Scontro frontale/laterale DX fra veicoli in marcia;Incrocio;Una carreggiata a doppio senso;Asciutto;Asfaltata;Verticale ed orizzontale;Nuvoloso;Scarso;Insufficiente;Insufficiente;0;0;0;4;12.49742;41.89353;-1;1;Autovettura privata;In marcia / fermata / arresto;Conducente;F;Illeso;0;;Non accertato;
2324545;1;28/03/2015 01:00;Strada Urbana;VIA DELLE TERME DI TRAIANO;all'intersezione con;VIALE DEL MONTE OPPIO;VIALE DEL MONTE OPPIO;;;Scontro frontale/laterale DX fra veicoli in marcia;Incrocio;Una carreggiata a doppio senso;Asciutto;Asfaltata;Verticale ed orizzontale;Nuvoloso;Scarso;Insufficiente;Insufficiente;0;0;0;4;12.49742;41.89353;-1;1;Autovettura privata;In marcia / fermata / arresto;Passeggero;F;Illeso;0;;Non accertato;
2324545;1;28/03/2015 01:00;Strada Urbana;VIA DELLE TERME DI TRAIANO;all'intersezione con;VIALE DEL MONTE OPPIO;VIALE DEL MONTE OPPIO;;;Scontro frontale/laterale DX fra veicoli in marcia;Incrocio;Una carreggiata a doppio senso;Asciutto;Asfaltata;Verticale ed orizzontale;Nuvoloso;Scarso;Insufficiente;Insufficiente;0;0;0;4;12.49742;41.89353;-1;2;Autovettura privata;In marcia / fermata / arresto;Conducente;M;Illeso;0;;Non accertato;
2324545;1;28/03/2015 01:00;Strada Urbana;VIA DELLE TERME DI TRAIANO;all'intersezione con;VIALE DEL MONTE OPPIO;VIALE DEL MONTE OPPIO;;;Scontro frontale/laterale DX fra veicoli in marcia;Incrocio;Una carreggiata a doppio senso;Asciutto;Asfaltata;Verticale ed orizzontale;Nuvoloso;Scarso;Insufficiente;Insufficiente;0;0;0;4;12.49742;41.89353;-1;2;Autovettura privata;In marcia / fermata / arresto;Passeggero;F;Illeso;0;;Non accertato;
2324561;1;28/03/2015 10:58;Strada Urbana;VIA NAPOLEONE III;in prossimità;;del civico n.;36;;Tamponamento;Rettilineo;Una carreggiata a doppio senso;Asciutto;Asfaltata;Verticale ed orizzontale;Sereno;Normale;Buona;Ore Diurne;0;0;0;2;12.50199;41.89692;-1;1;Autovettura privata;In marcia / fermata / arresto;Conducente;M;Illeso;0;;Non accertato;
2324561;1;28/03/2015 10:58;Strada Urbana;VIA NAPOLEONE III;in prossimità;;del civico n.;36;;Tamponamento;Rettilineo;Una carreggiata a doppio senso;Asciutto;Asfaltata;Verticale ed orizzontale;Sereno;Normale;Buona;Ore Diurne;0;0;0;2;12.50199;41.89692;-1;2;Vettura tranviaria;In marcia / fermata / arresto;Conducente;F;Illeso;0;;Esente;
2324569;1;27/03/2015 17:55;Strada Urbana;VIA DEL FORO OLITORIO;all'intersezione semaforizzata con;VIA LUIGI PETROSELLI;VIA LUIGI PETROSELLI;;;Tamponamento;Intersezione semaforizzata;Una carreggiata a doppio senso;Bagnato (pioggia);Acciotolata;Verticale ed orizzontale;Pioggia in atto;Normale;Buona;Ore Diurne;0;0;0;2;12.47988;41.89078;-1;1;Autovettura privata;In marcia / fermata / arresto;Conducente;F;Illeso;0;;Non accertato;Inesploso
2324569;1;27/03/2015 17:55;Strada Urbana;VIA DEL FORO OLITORIO;all'intersezione semaforizzata con;VIA LUIGI PETROSELLI;VIA LUIGI PETROSELLI;;;Tamponamento;Intersezione semaforizzata;Una carreggiata a doppio senso;Bagnato (pioggia);Acciotolata;Verticale ed orizzontale;Pioggia in atto;Normale;Buona;Ore Diurne;0;0;0;2;12.47988;41.89078;-1;2;Autovettura privata;In marcia / fermata / arresto;Conducente;M;Illeso;0;;Non accertato;Inesploso
2324584;10;28/03/2015 18:15;Strada Urbana;VIALE S. GIOVANNI BOSCO;in prossimità;;del civico n.;6;;Scontro laterale fra veicoli in marcia;Rettilineo;Una carreggiata a senso unico di marcia;Asciutto;Asfaltata;Assente;Sereno;Intenso;Buona;Ore Diurne;0;0;0;4;12.55881;41.86144;-1;1;Autovettura privata;In marcia / fermata / arresto;Conducente;M;Illeso;0;;Non accertato;Inesploso
2324584;10;28/03/2015 18:15;Strada Urbana;VIALE S. GIOVANNI BOSCO;in prossimità;;del civico n.;6;;Scontro laterale fra veicoli in marcia;Rettilineo;Una carreggiata a senso unico di marcia;Asciutto;Asfaltata;Assente;Sereno;Intenso;Buona;Ore Diurne;0;0;0;4;12.55881;41.86144;-1;1;Autovettura privata;In marcia / fermata / arresto;Passeggero;F;Illeso;0;;Non accertato;Inesploso
2324584;10;28/03/2015 18:15;Strada Urbana;VIALE S. GIOVANNI BOSCO;in prossimità;;del civico n.;6;;Scontro laterale fra veicoli in marcia;Rettilineo;Una carreggiata a senso unico di marcia;Asciutto;Asfaltata;Assente;Sereno;Intenso;Buona;Ore Diurne;0;0;0;4;12.55881;41.86144;-1;2;Autovettura privata;In marcia / fermata / arresto;Conducente;F;Illeso;0;;Non accertato;Inesploso
2324584;10;28/03/2015 18:15;Strada Urbana;VIALE S. GIOVANNI BOSCO;in prossimità;;del civico n.;6;;Scontro laterale fra veicoli in marcia;Rettilineo;Una carreggiata a senso unico di marcia;Asciutto;Asfaltata;Assente;Sereno;Intenso;Buona;Ore Diurne;0;0;0;4;12.55881;41.86144;-1;2;Autovettura privata;In marcia / fermata / arresto;Passeggero Istruttore;M;Illeso;0;;Non accertato;Inesploso
2324598;12;26/03/2015 16:45;Strada Urbana;PIAZZA AZOLINO HAZON;da specificare;;;;prox Via Sansotta;Scontro laterale fra veicoli in marcia;Rotatoria;Una carreggiata a senso unico di marcia;Asciutto;Asfaltata;Verticale ed orizzontale;Sereno;Intenso;Buona;Ore Diurne;0;0;0;2;12.43804;41.81696;-1;1;Autovettura privata;In marcia / fermata / arresto;Conducente;F;Illeso;0;;Utilizzato;Inesploso
2324598;12;26/03/2015 16:45;Strada Urbana;PIAZZA AZOLINO HAZON;da specificare;;;;prox Via Sansotta;Scontro laterale fra veicoli in marcia;Rotatoria;Una carreggiata a senso unico di marcia;Asciutto;Asfaltata;Verticale ed orizzontale;Sereno;Intenso;Buona;Ore Diurne;0;0;0;2;12.43804;41.81696;-1;2;Autovettura privata;In marcia / fermata / arresto;Conducente;F;Illeso;0;;Utilizzato;Inesploso
2324612;15;28/03/2015 17:15;Strada Urbana;VIA PORTUENSE;in corrispondenza;;del civico n.;729;;Scontro frontale/laterale SX fra veicoli in marcia;Rettilineo;Una carreggiata a doppio senso;Asciutto;Asfaltata;Verticale ed orizzontale;Sereno;Normale;Buona;Ore Diurne;0;1;0;2;12.43328;41.85144;-1;1;Autovettura privata;In marcia / fermata / arresto;Conducente;F;Illeso;0;;Utilizzato;
2324612;15;28/03/2015 17:15;Strada Urbana;VIA PORTUENSE;in corrispondenza;;del civico n.;729;;Scontro frontale/laterale SX fra veicoli in marcia;Rettilineo;Una carreggiata a doppio senso;Asciutto;Asfaltata;Verticale ed orizzontale;Sereno;Normale;Buona;Ore Diurne;0;1;0;2;12.43328;41.85144;-1;1;Autovettura privata;In marcia / fermata / arresto;Passeggero;M;Illeso;0;;Utilizzato;
2324612;15;28/03/2015 17:15;Strada Urbana;VIA PORTUENSE;in corrispondenza;;del civico n.;729;;Scontro frontale/laterale SX fra veicoli in marcia;Rettilineo;Una carreggiata a doppio senso;Asciutto;Asfaltata;Verticale ed orizzontale;Sereno;Normale;Buona;Ore Diurne;0;1;0;2;12.43328;41.85144;-1;2;Motociclo a solo;In marcia / fermata / arresto;Conducente;M;Prognosi riservata;0;NON DECEDUTO;Utilizzato;
2324616;12;26/03/2015 17:00;Strada Urbana;VIA FIUME GIALLO;da specificare;;;;alt. civico 100 (altezza Via Pagoda Bianca);Scontro laterale fra veicoli in marcia;Rettilineo;Una carreggiata a doppio senso;Asciutto;Asfaltata;Verticale ed orizzontale;Sereno;Normale;Buona;Ore Diurne;1;0;0;0;12.42925;41.8097;-1;1;Motociclo a solo;In marcia / fermata / arresto;Conducente;M;Rimandato;0;NON DECEDUTO;Utilizzato;
2324624;6;28/03/2015 16:50;Strada Urbana;VIALE DELLA PRIMAVERA;in corrispondenza;;del civico n.;345;;Scontro frontale/laterale SX fra veicoli in marcia;Rettilineo;Più di due carreggiate;Asciutto;Asfaltata;Orizzontale;Sereno;Normale;Buona;Ore Diurne;0;0;0;4;12.55817;41.87631;-1;1;Autovettura privata;In marcia / fermata / arresto;Conducente;M;Illeso;0;;Non accertato;Inesploso
2324624;6;28/03/2015 16:50;Strada Urbana;VIALE DELLA PRIMAVERA;in corrispondenza;;del civico n.;345;;Scontro frontale/laterale SX fra veicoli in marcia;Rettilineo;Più di due carreggiate;Asciutto;Asfaltata;Orizzontale;Sereno;Normale;Buona;Ore Diurne;0;0;0;4;12.55817;41.87631;-1;2;Autovettura privata;In marcia / fermata / arresto;Conducente;M;Illeso;0;;Non accertato;Inesploso
2324624;6;28/03/2015 16:50;Strada Urbana;VIALE DELLA PRIMAVERA;in corrispondenza;;del civico n.;345;;Scontro frontale/laterale SX fra veicoli in marcia;Rettilineo;Più di due carreggiate;Asciutto;Asfaltata;Orizzontale;Sereno;Normale;Buona;Ore Diurne;0;0;0;4;12.55817;41.87631;-1;2;Autovettura privata;In marcia / fermata / arresto;Passeggero;F;Illeso;0;;Non accertato;Inesploso
2324624;6;28/03/2015 16:50;Strada Urbana;VIALE DELLA PRIMAVERA;in corrispondenza;;del civico n.;345;;Scontro frontale/laterale SX fra veicoli in marcia;Rettilineo;Più di due carreggiate;Asciutto;Asfaltata;Orizzontale;Sereno;Normale;Buona;Ore Diurne;0;0;0;4;12.55817;41.87631;-1;2;Autovettura privata;In marcia / fermata / arresto;Passeggero;F;Illeso;0;;Non accertato;Inesploso
2324832;10;26/03/2015 08:20;Statale entro l'abitato;VIA APPIA NUOVA;da specificare;;;;ingresso sottopasso dir. Roma prossimità Aeroporto;Veicolo in marcia contro ostacolo accidentale;Sottopasso non illuminato;Due carreggiate;Asciutto;Asfaltata;Verticale ed orizzontale;Sereno;Intenso;Buona;Ore Diurne;0;0;0;1;12.58838;41.79648;-1;1;Autovettura privata;In marcia / fermata / arresto;Conducente;F;Illeso;0;;Non accertato;Inesploso
2324841;20;28/03/2015 23:15;Strada Urbana;VIA DI BACCANELLO;da specificare;;;;In prossimità via monte ferraiolo;Veicolo in marcia contro ostacolo accidentale;Rettilineo;Una carreggiata a doppio senso;Asciutto;Asfaltata;Verticale ed orizzontale;Sereno;Scarso;Buona;Sufficiente;0;0;0;3;12.35326;42.06276;-1;1;Autovettura privata;In marcia / fermata / arresto;Conducente;M;Illeso;0;;;
2324841;20;28/03/2015 23:15;Strada Urbana;VIA DI BACCANELLO;da specificare;;;;In prossimità via monte ferraiolo;Veicolo in marcia contro ostacolo accidentale;Rettilineo;Una carreggiata a doppio senso;Asciutto;Asfaltata;Verticale ed orizzontale;Sereno;Scarso;Buona;Sufficiente;0;0;0;3;12.35326;42.06276;-1;1;Autovettura privata;In marcia / fermata / arresto;Passeggero;M;Illeso;0;;;
2324841;20;28/03/2015 23:15;Strada Urbana;VIA DI BACCANELLO;da specificare;;;;In prossimità via monte ferraiolo;Veicolo in marcia contro ostacolo accidentale;Rettilineo;Una carreggiata a doppio senso;Asciutto;Asfaltata;Verticale ed orizzontale;Sereno;Scarso;Buona;Sufficiente;0;0;0;3;12.35326;42.06276;-1;1;Autovettura privata;In marcia / fermata / arresto;Passeggero;M;Illeso;0;;;
2324844;10;26/03/2015 08:21;Statale entro l'abitato;VIA APPIA NUOVA;da specificare;;;;ingresso sottopasso dir. Roma prossimità Aeroporto;Veicolo in marcia contro ostacolo accidentale;Sottopasso non illuminato;Due carreggiate;Asciutto;Asfaltata;Verticale ed orizzontale;Sereno;Intenso;Buona;Ore Diurne;0;0;0;1;12.58838;41.79693;-1;1;Autovettura privata;In marcia / fermata / arresto;Conducente;F;Illeso;0;;Non accertato;Inesploso
2324852;13;29/03/2015 06:30;Strada Urbana;VIALE DEI ROMAGNOLI;da specificare;;;;prossimità via delle Azzorre;Veicolo in marcia contro ostacolo accidentale;Rettilineo;Una carreggiata a senso unico di marcia;Asciutto;Con buche;Assente;Sereno;Normale;Buona;Ore Diurne;0;0;0;1;12.28375;41.73984;-1;1;Autovettura privata;In marcia / fermata / arresto;Conducente;M;Illeso;0;;Non accertato;Inesploso
2324854;10;26/03/2015 08:22;Statale entro l'abitato;VIA APPIA NUOVA;da specificare;;;;ingresso sottopasso dir. Roma fronte Aeroporto;Veicolo in marcia contro ostacolo accidentale;Sottopasso non illuminato;Due carreggiate;Asciutto;Asfaltata;Verticale ed orizzontale;Sereno;Intenso;Buona;Ore Diurne;0;0;0;1;12.58812;41.79693;-1;1;Autovettura privata;In marcia / fermata / arresto;Conducente;F;Illeso;0;;Non accertato;Inesploso